"file","caption","category","png_time","StartTime"
"bio1_sizeatage.png","Length at age in the beginning of the year (or season) in the ending year of the model. Shaded area indicates 95% distribution of length at age around estimated growth curve.","Bio",2017-07-12 20:14:59,"StartTime: Wed Jul 12 19:23:02 2017"
"bio2_sizeatage_plus_CV_and_SD.png","Length at age (top-left panel) with CV (thick line) and SD (thin line) of length at age shown in top-right and lower-left panels","Bio",2017-07-12 20:14:59,"StartTime: Wed Jul 12 19:23:02 2017"
"bio3_sizeatage_plus_WT_and_MAT.png","Length at age (top-left panel) with weight (thick line) and maturity (thin line) shown in top-right and lower-left panels","Bio",2017-07-12 20:14:59,"StartTime: Wed Jul 12 19:23:02 2017"
"bio5_weightatsize.png","Weight-length relationship for females","Bio",2017-07-12 20:14:59,"StartTime: Wed Jul 12 19:23:02 2017"
"bio6_maturity.png","Maturity at length","Bio",2017-07-12 20:14:59,"StartTime: Wed Jul 12 19:23:02 2017"
"bio10_spawningoutput.png","Spawning output at length","Bio",2017-07-12 20:14:59,"StartTime: Wed Jul 12 19:23:02 2017"
"sel01_multiple_fleets_length1.png","Selectivity at length for multiple fleets.","Sel",2017-07-12 20:14:59,"StartTime: Wed Jul 12 19:23:02 2017"
"sel02_multiple_fleets_age1.png","Selectivity at age for multiple fleets.","Sel",2017-07-12 20:14:59,"StartTime: Wed Jul 12 19:23:02 2017"
"sel02_multiple_fleets_age2.png","Selectivity at age derived from selectivity at length for multiple fleets.","Sel",2017-07-12 20:14:59,"StartTime: Wed Jul 12 19:23:02 2017"
"sel09_len_flt1sex1.png","Ending year selectivity for 1_CA_TWL","Sel",2017-07-12 20:14:59,"StartTime: Wed Jul 12 19:23:02 2017"
"sel09_len_flt2sex1.png","Ending year selectivity for 2_CA_NONTWL","Sel",2017-07-12 20:14:59,"StartTime: Wed Jul 12 19:23:02 2017"
"sel09_len_flt3sex1.png","Ending year selectivity for 3_CA_REC","Sel",2017-07-12 20:14:59,"StartTime: Wed Jul 12 19:23:02 2017"
"sel09_len_flt4sex1.png","Ending year selectivity for 4_ORWA_TWL","Sel",2017-07-12 20:14:59,"StartTime: Wed Jul 12 19:23:02 2017"
"sel09_len_flt5sex1.png","Ending year selectivity for 5_ORWA_NONTWL","Sel",2017-07-12 20:14:59,"StartTime: Wed Jul 12 19:23:02 2017"
"sel09_len_flt6sex1.png","Ending year selectivity for 6_OR_REC","Sel",2017-07-12 20:14:59,"StartTime: Wed Jul 12 19:23:02 2017"
"sel09_len_flt7sex1.png","Ending year selectivity for 7_WA_REC","Sel",2017-07-12 20:14:59,"StartTime: Wed Jul 12 19:23:02 2017"
"sel09_len_flt8sex1.png","Ending year selectivity for 8_CACPFV","Sel",2017-07-12 20:14:59,"StartTime: Wed Jul 12 19:23:02 2017"
"sel09_len_flt9sex1.png","Ending year selectivity for 9_OR_RECOB","Sel",2017-07-12 20:14:59,"StartTime: Wed Jul 12 19:23:02 2017"
"sel09_len_flt10sex1.png","Ending year selectivity for 10_TRI_ORWA","Sel",2017-07-12 20:14:59,"StartTime: Wed Jul 12 19:23:02 2017"
"sel09_len_flt11sex1.png","Ending year selectivity for 11_NWFSC_ORWA","Sel",2017-07-12 20:14:59,"StartTime: Wed Jul 12 19:23:02 2017"
"sel09_len_flt12sex1.png","Ending year selectivity for 12_IPHC_ORWA","Sel",2017-07-12 20:14:59,"StartTime: Wed Jul 12 19:23:02 2017"
"sel21_agelen_contour_flt1sex1.png","Ending year selectivity and growth for 1_CA_TWL","Sel",2017-07-12 20:14:59,"StartTime: Wed Jul 12 19:23:02 2017"
"sel21_agelen_contour_flt2sex1.png","Ending year selectivity and growth for 2_CA_NONTWL","Sel",2017-07-12 20:14:59,"StartTime: Wed Jul 12 19:23:02 2017"
"sel21_agelen_contour_flt3sex1.png","Ending year selectivity and growth for 3_CA_REC","Sel",2017-07-12 20:14:59,"StartTime: Wed Jul 12 19:23:02 2017"
"sel21_agelen_contour_flt4sex1.png","Ending year selectivity and growth for 4_ORWA_TWL","Sel",2017-07-12 20:14:59,"StartTime: Wed Jul 12 19:23:02 2017"
"sel21_agelen_contour_flt5sex1.png","Ending year selectivity and growth for 5_ORWA_NONTWL","Sel",2017-07-12 20:14:59,"StartTime: Wed Jul 12 19:23:02 2017"
"sel21_agelen_contour_flt6sex1.png","Ending year selectivity and growth for 6_OR_REC","Sel",2017-07-12 20:14:59,"StartTime: Wed Jul 12 19:23:02 2017"
"sel21_agelen_contour_flt7sex1.png","Ending year selectivity and growth for 7_WA_REC","Sel",2017-07-12 20:14:59,"StartTime: Wed Jul 12 19:23:02 2017"
"sel21_agelen_contour_flt8sex1.png","Ending year selectivity and growth for 8_CACPFV","Sel",2017-07-12 20:14:59,"StartTime: Wed Jul 12 19:23:02 2017"
"sel21_agelen_contour_flt9sex1.png","Ending year selectivity and growth for 9_OR_RECOB","Sel",2017-07-12 20:14:59,"StartTime: Wed Jul 12 19:23:02 2017"
"sel21_agelen_contour_flt10sex1.png","Ending year selectivity and growth for 10_TRI_ORWA","Sel",2017-07-12 20:14:59,"StartTime: Wed Jul 12 19:23:02 2017"
"sel21_agelen_contour_flt11sex1.png","Ending year selectivity and growth for 11_NWFSC_ORWA","Sel",2017-07-12 20:14:59,"StartTime: Wed Jul 12 19:23:02 2017"
"sel21_agelen_contour_flt12sex1.png","Ending year selectivity and growth for 12_IPHC_ORWA","Sel",2017-07-12 20:14:59,"StartTime: Wed Jul 12 19:23:02 2017"
"ts1_Total_biomass_(mt).png","Total biomass (mt)","Timeseries",2017-07-12 20:14:59,"StartTime: Wed Jul 12 19:23:02 2017"
"ts1_Total_biomass_(mt)_with_forecast_forecast.png","Total biomass (mt) with forecast","Timeseries",2017-07-12 20:14:59,"StartTime: Wed Jul 12 19:23:02 2017"
"ts2_Total_biomass_(mt)_by_area.png","Total biomass (mt) by area","Timeseries",2017-07-12 20:14:59,"StartTime: Wed Jul 12 19:23:02 2017"
"ts2_Total_biomass_(mt)_by_area_with_forecast_forecast.png","Total biomass (mt) by area with forecast","Timeseries",2017-07-12 20:14:59,"StartTime: Wed Jul 12 19:23:02 2017"
"ts4_Summary_biomass_(mt).png","Summary biomass (mt)","Timeseries",2017-07-12 20:14:59,"StartTime: Wed Jul 12 19:23:02 2017"
"ts4_Summary_biomass_(mt)_with_forecast_forecast.png","Summary biomass (mt) with forecast","Timeseries",2017-07-12 20:14:59,"StartTime: Wed Jul 12 19:23:02 2017"
"ts5_Summary_biomass_(mt)_by_area.png","Summary biomass (mt) by area","Timeseries",2017-07-12 20:14:59,"StartTime: Wed Jul 12 19:23:02 2017"
"ts5_Summary_biomass_(mt)_by_area_with_forecast_forecast.png","Summary biomass (mt) by area with forecast","Timeseries",2017-07-12 20:14:59,"StartTime: Wed Jul 12 19:23:02 2017"
"ts7_Spawning_output.png","Spawning output","Timeseries",2017-07-12 20:14:59,"StartTime: Wed Jul 12 19:23:02 2017"
"ts7_Spawning_output_with_95_asymptotic_intervals_intervals.png","Spawning output with ~95% asymptotic intervals","Timeseries",2017-07-12 20:14:59,"StartTime: Wed Jul 12 19:23:02 2017"
"ts7_Spawning_output_with_forecast_forecast.png","Spawning output with forecast","Timeseries",2017-07-12 20:14:59,"StartTime: Wed Jul 12 19:23:02 2017"
"ts7_Spawning_output_with_forecast_with_95_asymptotic_intervals_forecast_intervals.png","Spawning output with forecast with ~95% asymptotic intervals","Timeseries",2017-07-12 20:14:59,"StartTime: Wed Jul 12 19:23:02 2017"
"ts8_Spawning_output_by_area.png","Spawning output by area","Timeseries",2017-07-12 20:14:59,"StartTime: Wed Jul 12 19:23:02 2017"
"ts8_Spawning_output_by_area_with_forecast_forecast.png","Spawning output by area with forecast","Timeseries",2017-07-12 20:14:59,"StartTime: Wed Jul 12 19:23:02 2017"
"ts9_Spawning_depletion.png","Spawning depletion","Timeseries",2017-07-12 20:14:59,"StartTime: Wed Jul 12 19:23:02 2017"
"ts9_Spawning_depletion_with_95_asymptotic_intervals_intervals.png","Spawning depletion with ~95% asymptotic intervals","Timeseries",2017-07-12 20:14:59,"StartTime: Wed Jul 12 19:23:02 2017"
"ts9_Spawning_depletion_with_forecast_forecast.png","Spawning depletion with forecast","Timeseries",2017-07-12 20:14:59,"StartTime: Wed Jul 12 19:23:02 2017"
"ts9_Spawning_depletion_with_forecast_with_95_asymptotic_intervals_forecast_intervals.png","Spawning depletion with forecast with ~95% asymptotic intervals","Timeseries",2017-07-12 20:14:59,"StartTime: Wed Jul 12 19:23:02 2017"
"ts10_Spawning_depletion_by_area.png","Spawning depletion by area","Timeseries",2017-07-12 20:14:59,"StartTime: Wed Jul 12 19:23:02 2017"
"ts10_Spawning_depletion_by_area_with_forecast_forecast.png","Spawning depletion by area with forecast","Timeseries",2017-07-12 20:14:59,"StartTime: Wed Jul 12 19:23:02 2017"
"ts11_Age-0_recruits_(1000s).png","Age-0 recruits (1,000s)","Timeseries",2017-07-12 20:14:59,"StartTime: Wed Jul 12 19:23:02 2017"
"ts11_Age-0_recruits_(1000s)_with_95_asymptotic_intervals.png","Age-0 recruits (1,000s) with ~95% asymptotic intervals","Timeseries",2017-07-12 20:14:59,"StartTime: Wed Jul 12 19:23:02 2017"
"ts11_Age-0_recruits_(1000s)_with_forecast_forecast.png","Age-0 recruits (1,000s) with forecast","Timeseries",2017-07-12 20:14:59,"StartTime: Wed Jul 12 19:23:02 2017"
"ts11_Age-0_recruits_(1000s)_with_forecast_with_95_asymptotic_intervals_forecast.png","Age-0 recruits (1,000s) with forecast with ~95% asymptotic intervals","Timeseries",2017-07-12 20:14:59,"StartTime: Wed Jul 12 19:23:02 2017"
"ts12_Age-0_recruits_(1000s)_by_area.png","Age-0 recruits (1,000s) by area","Timeseries",2017-07-12 20:14:59,"StartTime: Wed Jul 12 19:23:02 2017"
"ts12_Age-0_recruits_(1000s)_by_area_with_forecast_forecast.png","Age-0 recruits (1,000s) by area with forecast","Timeseries",2017-07-12 20:14:59,"StartTime: Wed Jul 12 19:23:02 2017"
"ts13_Fraction_of_total_Age-0_recruits_by_area.png","Fraction of total Age-0 recruits by area","Timeseries",2017-07-12 20:14:59,"StartTime: Wed Jul 12 19:23:02 2017"
"ts13_Fraction_of_total_Age-0_recruits_by_area_with_forecast_forecast.png","Fraction of total Age-0 recruits by area with forecast","Timeseries",2017-07-12 20:14:59,"StartTime: Wed Jul 12 19:23:02 2017"
"ts_summaryF.png","Summary F (definition of F depends on setting in starter.ss)","Timeseries",2017-07-12 20:14:59,"StartTime: Wed Jul 12 19:23:02 2017"
"recdevs1_points.png","Recruitment deviations","RecDev",2017-07-12 20:14:59,"StartTime: Wed Jul 12 19:23:02 2017"
"recdevs2_withbars.png","Recruitment deviations with 95% intervals","RecDev",2017-07-12 20:14:59,"StartTime: Wed Jul 12 19:23:02 2017"
"recdevs3_varcheck.png","Recruitment deviations variance check.<br> See later figure of transformed variance values for comparison with bias adjustment settings in the model.","RecDev",2017-07-12 20:14:59,"StartTime: Wed Jul 12 19:23:02 2017"
"recruit_fit_bias_adjust.png","Points are transformed variances. Red line shows current settings forfor bias adjustment specified in control file.Blue line shows least squares estimate of alternative bias adjustmentrelationship for recruitment deviations (which may or may not be animprovement. For more information, see<br> 
<blockquote>Methot, R.D. and Taylor, I.G., 2011. Adjusting for bias due to variability of estimated recruitments in fishery assessment models. <i>Can. J. Fish. Aquat. Sci.</i>, 68:1744-1760.</blockquote><br> 
Estimated alternative inputs to SS control file associated with blue line in figure: 
<pre>1907.4   #_last_early_yr_nobias_adj_in_MPD 
2010.0   #_first_yr_fullbias_adj_in_MPD 
2011.0   #_last_yr_fullbias_adj_in_MPD 
2015.6   #_first_recent_yr_nobias_adj_in_MPD 
0.4138   #_max_bias_adj_in_MPD (1.0 to mimic pre-2009 models)   </pre>","RecDev",2017-07-12 20:14:59,"StartTime: Wed Jul 12 19:23:02 2017"
"SR_curve.png","Spawner-recruit curve","S-R",2017-07-12 20:14:59,"StartTime: Wed Jul 12 19:23:02 2017"
"SR_curve2.png","Spawner-recruit curve with labels on first, last, and years with (log) deviations > 0.5","S-R",2017-07-12 20:14:59,"StartTime: Wed Jul 12 19:23:02 2017"
"catch1 landings.png","landings","Catch",2017-07-12 20:14:59,"StartTime: Wed Jul 12 19:23:02 2017"
"catch2 landings stacked.png","landings stacked","Catch",2017-07-12 20:14:59,"StartTime: Wed Jul 12 19:23:02 2017"
"catch3 observed and expected landings (if different).png","observed and expected landings (if different)","Catch",2017-07-12 20:14:59,"StartTime: Wed Jul 12 19:23:02 2017"
"catch9 harvest rate.png","harvest rate","Catch",2017-07-12 20:14:59,"StartTime: Wed Jul 12 19:23:02 2017"
"SPR1_series.png","Timeseries of SPR","SPR",2017-07-12 20:14:59,"StartTime: Wed Jul 12 19:23:02 2017"
"SPR2_minusSPRseries.png","Timeseries of 1-SPR","SPR",2017-07-12 20:14:59,"StartTime: Wed Jul 12 19:23:02 2017"
"SPR3_ratiointerval.png","Timeseries of SPR ratio","SPR",2017-07-12 20:14:59,"StartTime: Wed Jul 12 19:23:02 2017"
"SPR4_phase.png","Phase plot of biomass ratio vs. SPR ratio","SPR",2017-07-12 20:14:59,"StartTime: Wed Jul 12 19:23:02 2017"
"index1_cpuedata_3_CA_REC.png","Index data for 3_CA_REC. Lines indicate 95% uncertainty interval around index values. Thicker lines (if present) indicate input uncertainty before addition of estimated additional uncertainty parameter.","Index",2017-07-12 20:14:59,"StartTime: Wed Jul 12 19:23:02 2017"
"index2_cpuefit_3_CA_REC.png","Fit to index data for 3_CA_REC. Lines indicate 95% uncertainty interval around index values. Thicker lines (if present) indicate input uncertainty before addition of estimated additional uncertainty parameter.","Index",2017-07-12 20:14:59,"StartTime: Wed Jul 12 19:23:02 2017"
"index3_cpuecheck_3_CA_REC.png","Observed vs. expected index values with smoother for 3_CA_REC","Index",2017-07-12 20:14:59,"StartTime: Wed Jul 12 19:23:02 2017"
"index4_logcpuedata_3_CA_REC.png","Log index data for 3_CA_REC. Lines indicate 95% uncertainty interval around index values. Thicker lines (if present) indicate input uncertainty before addition of estimated additional uncertainty parameter.","Index",2017-07-12 20:14:59,"StartTime: Wed Jul 12 19:23:02 2017"
"index5_logcpuefit_3_CA_REC.png","Fit to log index data on log scale for 3_CA_REC. Lines indicate 95% uncertainty interval around index values. Thicker lines (if present) indicate input uncertainty before addition of estimated additional uncertainty parameter.","Index",2017-07-12 20:14:59,"StartTime: Wed Jul 12 19:23:02 2017"
"index6_logcpuecheck_3_CA_REC.png","log(observed) vs. log(expected) index values with smoother for 3_CA_REC","Index",2017-07-12 20:14:59,"StartTime: Wed Jul 12 19:23:02 2017"
"index1_cpuedata_6_OR_REC.png","Index data for 6_OR_REC. Lines indicate 95% uncertainty interval around index values. Thicker lines (if present) indicate input uncertainty before addition of estimated additional uncertainty parameter.","Index",2017-07-12 20:14:59,"StartTime: Wed Jul 12 19:23:02 2017"
"index2_cpuefit_6_OR_REC.png","Fit to index data for 6_OR_REC. Lines indicate 95% uncertainty interval around index values. Thicker lines (if present) indicate input uncertainty before addition of estimated additional uncertainty parameter.","Index",2017-07-12 20:14:59,"StartTime: Wed Jul 12 19:23:02 2017"
"index3_cpuecheck_6_OR_REC.png","Observed vs. expected index values with smoother for 6_OR_REC","Index",2017-07-12 20:14:59,"StartTime: Wed Jul 12 19:23:02 2017"
"index4_logcpuedata_6_OR_REC.png","Log index data for 6_OR_REC. Lines indicate 95% uncertainty interval around index values. Thicker lines (if present) indicate input uncertainty before addition of estimated additional uncertainty parameter.","Index",2017-07-12 20:14:59,"StartTime: Wed Jul 12 19:23:02 2017"
"index5_logcpuefit_6_OR_REC.png","Fit to log index data on log scale for 6_OR_REC. Lines indicate 95% uncertainty interval around index values. Thicker lines (if present) indicate input uncertainty before addition of estimated additional uncertainty parameter.","Index",2017-07-12 20:14:59,"StartTime: Wed Jul 12 19:23:02 2017"
"index6_logcpuecheck_6_OR_REC.png","log(observed) vs. log(expected) index values with smoother for 6_OR_REC","Index",2017-07-12 20:14:59,"StartTime: Wed Jul 12 19:23:02 2017"
"index7_timevaryingQ_6_OR_REC.png","Timeseries of catchability for 6_OR_REC","Index",2017-07-12 20:14:59,"StartTime: Wed Jul 12 19:23:02 2017"
"index8_Q_vs_Vuln_bio_6_OR_REC.png","Catchability vs. vulnerable biomass for fleet 6_OR_REC<br> 
This plot should illustrate curvature of nonlinear catchability relationship<br> 
Or reveal patterns associated with random-walk catchability<br> 
It was inspired by Jim Thorson, so blame him if you don't like it.","Index",2017-07-12 20:14:59,"StartTime: Wed Jul 12 19:23:02 2017"
"index1_cpuedata_7_WA_REC.png","Index data for 7_WA_REC. Lines indicate 95% uncertainty interval around index values. Thicker lines (if present) indicate input uncertainty before addition of estimated additional uncertainty parameter.","Index",2017-07-12 20:14:59,"StartTime: Wed Jul 12 19:23:02 2017"
"index2_cpuefit_7_WA_REC.png","Fit to index data for 7_WA_REC. Lines indicate 95% uncertainty interval around index values. Thicker lines (if present) indicate input uncertainty before addition of estimated additional uncertainty parameter.","Index",2017-07-12 20:14:59,"StartTime: Wed Jul 12 19:23:02 2017"
"index3_cpuecheck_7_WA_REC.png","Observed vs. expected index values with smoother for 7_WA_REC","Index",2017-07-12 20:14:59,"StartTime: Wed Jul 12 19:23:02 2017"
"index4_logcpuedata_7_WA_REC.png","Log index data for 7_WA_REC. Lines indicate 95% uncertainty interval around index values. Thicker lines (if present) indicate input uncertainty before addition of estimated additional uncertainty parameter.","Index",2017-07-12 20:14:59,"StartTime: Wed Jul 12 19:23:02 2017"
"index5_logcpuefit_7_WA_REC.png","Fit to log index data on log scale for 7_WA_REC. Lines indicate 95% uncertainty interval around index values. Thicker lines (if present) indicate input uncertainty before addition of estimated additional uncertainty parameter.","Index",2017-07-12 20:14:59,"StartTime: Wed Jul 12 19:23:02 2017"
"index6_logcpuecheck_7_WA_REC.png","log(observed) vs. log(expected) index values with smoother for 7_WA_REC","Index",2017-07-12 20:14:59,"StartTime: Wed Jul 12 19:23:02 2017"
"index1_cpuedata_8_CACPFV.png","Index data for 8_CACPFV. Lines indicate 95% uncertainty interval around index values. Thicker lines (if present) indicate input uncertainty before addition of estimated additional uncertainty parameter.","Index",2017-07-12 20:14:59,"StartTime: Wed Jul 12 19:23:02 2017"
"index2_cpuefit_8_CACPFV.png","Fit to index data for 8_CACPFV. Lines indicate 95% uncertainty interval around index values. Thicker lines (if present) indicate input uncertainty before addition of estimated additional uncertainty parameter.","Index",2017-07-12 20:14:59,"StartTime: Wed Jul 12 19:23:02 2017"
"index3_cpuecheck_8_CACPFV.png","Observed vs. expected index values with smoother for 8_CACPFV","Index",2017-07-12 20:14:59,"StartTime: Wed Jul 12 19:23:02 2017"
"index4_logcpuedata_8_CACPFV.png","Log index data for 8_CACPFV. Lines indicate 95% uncertainty interval around index values. Thicker lines (if present) indicate input uncertainty before addition of estimated additional uncertainty parameter.","Index",2017-07-12 20:14:59,"StartTime: Wed Jul 12 19:23:02 2017"
"index5_logcpuefit_8_CACPFV.png","Fit to log index data on log scale for 8_CACPFV. Lines indicate 95% uncertainty interval around index values. Thicker lines (if present) indicate input uncertainty before addition of estimated additional uncertainty parameter.","Index",2017-07-12 20:14:59,"StartTime: Wed Jul 12 19:23:02 2017"
"index6_logcpuecheck_8_CACPFV.png","log(observed) vs. log(expected) index values with smoother for 8_CACPFV","Index",2017-07-12 20:14:59,"StartTime: Wed Jul 12 19:23:02 2017"
"index1_cpuedata_9_OR_RECOB.png","Index data for 9_OR_RECOB. Lines indicate 95% uncertainty interval around index values. Thicker lines (if present) indicate input uncertainty before addition of estimated additional uncertainty parameter.","Index",2017-07-12 20:14:59,"StartTime: Wed Jul 12 19:23:02 2017"
"index2_cpuefit_9_OR_RECOB.png","Fit to index data for 9_OR_RECOB. Lines indicate 95% uncertainty interval around index values. Thicker lines (if present) indicate input uncertainty before addition of estimated additional uncertainty parameter.","Index",2017-07-12 20:14:59,"StartTime: Wed Jul 12 19:23:02 2017"
"index3_cpuecheck_9_OR_RECOB.png","Observed vs. expected index values with smoother for 9_OR_RECOB","Index",2017-07-12 20:14:59,"StartTime: Wed Jul 12 19:23:02 2017"
"index4_logcpuedata_9_OR_RECOB.png","Log index data for 9_OR_RECOB. Lines indicate 95% uncertainty interval around index values. Thicker lines (if present) indicate input uncertainty before addition of estimated additional uncertainty parameter.","Index",2017-07-12 20:14:59,"StartTime: Wed Jul 12 19:23:02 2017"
"index5_logcpuefit_9_OR_RECOB.png","Fit to log index data on log scale for 9_OR_RECOB. Lines indicate 95% uncertainty interval around index values. Thicker lines (if present) indicate input uncertainty before addition of estimated additional uncertainty parameter.","Index",2017-07-12 20:14:59,"StartTime: Wed Jul 12 19:23:02 2017"
"index6_logcpuecheck_9_OR_RECOB.png","log(observed) vs. log(expected) index values with smoother for 9_OR_RECOB","Index",2017-07-12 20:14:59,"StartTime: Wed Jul 12 19:23:02 2017"
"index1_cpuedata_10_TRI_ORWA.png","Index data for 10_TRI_ORWA. Lines indicate 95% uncertainty interval around index values. Thicker lines (if present) indicate input uncertainty before addition of estimated additional uncertainty parameter.","Index",2017-07-12 20:14:59,"StartTime: Wed Jul 12 19:23:02 2017"
"index2_cpuefit_10_TRI_ORWA.png","Fit to index data for 10_TRI_ORWA. Lines indicate 95% uncertainty interval around index values. Thicker lines (if present) indicate input uncertainty before addition of estimated additional uncertainty parameter.","Index",2017-07-12 20:14:59,"StartTime: Wed Jul 12 19:23:02 2017"
"index3_cpuecheck_10_TRI_ORWA.png","Observed vs. expected index values with smoother for 10_TRI_ORWA","Index",2017-07-12 20:14:59,"StartTime: Wed Jul 12 19:23:02 2017"
"index4_logcpuedata_10_TRI_ORWA.png","Log index data for 10_TRI_ORWA. Lines indicate 95% uncertainty interval around index values. Thicker lines (if present) indicate input uncertainty before addition of estimated additional uncertainty parameter.","Index",2017-07-12 20:14:59,"StartTime: Wed Jul 12 19:23:02 2017"
"index5_logcpuefit_10_TRI_ORWA.png","Fit to log index data on log scale for 10_TRI_ORWA. Lines indicate 95% uncertainty interval around index values. Thicker lines (if present) indicate input uncertainty before addition of estimated additional uncertainty parameter.","Index",2017-07-12 20:14:59,"StartTime: Wed Jul 12 19:23:02 2017"
"index6_logcpuecheck_10_TRI_ORWA.png","log(observed) vs. log(expected) index values with smoother for 10_TRI_ORWA","Index",2017-07-12 20:14:59,"StartTime: Wed Jul 12 19:23:02 2017"
"index1_cpuedata_11_NWFSC_ORWA.png","Index data for 11_NWFSC_ORWA. Lines indicate 95% uncertainty interval around index values. Thicker lines (if present) indicate input uncertainty before addition of estimated additional uncertainty parameter.","Index",2017-07-12 20:14:59,"StartTime: Wed Jul 12 19:23:02 2017"
"index2_cpuefit_11_NWFSC_ORWA.png","Fit to index data for 11_NWFSC_ORWA. Lines indicate 95% uncertainty interval around index values. Thicker lines (if present) indicate input uncertainty before addition of estimated additional uncertainty parameter.","Index",2017-07-12 20:14:59,"StartTime: Wed Jul 12 19:23:02 2017"
"index3_cpuecheck_11_NWFSC_ORWA.png","Observed vs. expected index values with smoother for 11_NWFSC_ORWA","Index",2017-07-12 20:14:59,"StartTime: Wed Jul 12 19:23:02 2017"
"index4_logcpuedata_11_NWFSC_ORWA.png","Log index data for 11_NWFSC_ORWA. Lines indicate 95% uncertainty interval around index values. Thicker lines (if present) indicate input uncertainty before addition of estimated additional uncertainty parameter.","Index",2017-07-12 20:14:59,"StartTime: Wed Jul 12 19:23:02 2017"
"index5_logcpuefit_11_NWFSC_ORWA.png","Fit to log index data on log scale for 11_NWFSC_ORWA. Lines indicate 95% uncertainty interval around index values. Thicker lines (if present) indicate input uncertainty before addition of estimated additional uncertainty parameter.","Index",2017-07-12 20:14:59,"StartTime: Wed Jul 12 19:23:02 2017"
"index6_logcpuecheck_11_NWFSC_ORWA.png","log(observed) vs. log(expected) index values with smoother for 11_NWFSC_ORWA","Index",2017-07-12 20:14:59,"StartTime: Wed Jul 12 19:23:02 2017"
"index1_cpuedata_12_IPHC_ORWA.png","Index data for 12_IPHC_ORWA. Lines indicate 95% uncertainty interval around index values. Thicker lines (if present) indicate input uncertainty before addition of estimated additional uncertainty parameter.","Index",2017-07-12 20:14:59,"StartTime: Wed Jul 12 19:23:02 2017"
"index2_cpuefit_12_IPHC_ORWA.png","Fit to index data for 12_IPHC_ORWA. Lines indicate 95% uncertainty interval around index values. Thicker lines (if present) indicate input uncertainty before addition of estimated additional uncertainty parameter.","Index",2017-07-12 20:14:59,"StartTime: Wed Jul 12 19:23:02 2017"
"index3_cpuecheck_12_IPHC_ORWA.png","Observed vs. expected index values with smoother for 12_IPHC_ORWA","Index",2017-07-12 20:14:59,"StartTime: Wed Jul 12 19:23:02 2017"
"index4_logcpuedata_12_IPHC_ORWA.png","Log index data for 12_IPHC_ORWA. Lines indicate 95% uncertainty interval around index values. Thicker lines (if present) indicate input uncertainty before addition of estimated additional uncertainty parameter.","Index",2017-07-12 20:14:59,"StartTime: Wed Jul 12 19:23:02 2017"
"index5_logcpuefit_12_IPHC_ORWA.png","Fit to log index data on log scale for 12_IPHC_ORWA. Lines indicate 95% uncertainty interval around index values. Thicker lines (if present) indicate input uncertainty before addition of estimated additional uncertainty parameter.","Index",2017-07-12 20:14:59,"StartTime: Wed Jul 12 19:23:02 2017"
"index6_logcpuecheck_12_IPHC_ORWA.png","log(observed) vs. log(expected) index values with smoother for 12_IPHC_ORWA","Index",2017-07-12 20:14:59,"StartTime: Wed Jul 12 19:23:02 2017"
"index9_standcpueall.png","Standardized indices overlaid","Index",2017-07-12 20:14:59,"StartTime: Wed Jul 12 19:23:02 2017"
"numbers1_area1_sex1_beg.png","Beginning of year expected numbers at age in area1 in (max ~ 190.3 thousand)","Numbers",2017-07-12 20:14:59,"StartTime: Wed Jul 12 19:23:02 2017"
"numbers1_area1_sex1_mid.png","Middle of year expected numbers at age in area1 in (max ~ 186.2 thousand)","Numbers",2017-07-12 20:14:59,"StartTime: Wed Jul 12 19:23:02 2017"
"numbers1_area2_sex1_beg.png","Beginning of year expected numbers at age in area2 in (max ~ 288.2 thousand)","Numbers",2017-07-12 20:14:59,"StartTime: Wed Jul 12 19:23:02 2017"
"numbers1_area2_sex1_mid.png","Middle of year expected numbers at age in area2 in (max ~ 281.9 thousand)","Numbers",2017-07-12 20:14:59,"StartTime: Wed Jul 12 19:23:02 2017"
"numbers6_len_area1_sex1.png","Beginning of year expected numbers at length in area1 in (max ~ 304.5 thousand)","Numbers",2017-07-12 20:14:59,"StartTime: Wed Jul 12 19:23:02 2017"
"numbers6_len_area1_sex1.png","Middle of year expected numbers at length in area1 in (max ~ 224.6 thousand)","Numbers",2017-07-12 20:14:59,"StartTime: Wed Jul 12 19:23:02 2017"
"numbers6_len_area2_sex1.png","Beginning of year expected numbers at length in area2 in (max ~ 461.1 thousand)","Numbers",2017-07-12 20:14:59,"StartTime: Wed Jul 12 19:23:02 2017"
"numbers6_len_area2_sex1.png","Middle of year expected numbers at length in area2 in (max ~ 340.1 thousand)","Numbers",2017-07-12 20:14:59,"StartTime: Wed Jul 12 19:23:02 2017"
"numbers4_equilagecomp.png","Equilibrium age distribution","Numbers",2017-07-12 20:14:59,"StartTime: Wed Jul 12 19:23:02 2017"
"numbers5_ageerrorSD.png","Ageing imprecision: SD of observed age (yr)","Numbers",2017-07-12 20:14:59,"StartTime: Wed Jul 12 19:23:02 2017"
"numbers5_ageerror_matrix_1.png","Ageing imprecision: matrix for method 1 <br>(White = 1.0, Orange = 0.5, Red = 0.0)","Numbers",2017-07-12 20:14:59,"StartTime: Wed Jul 12 19:23:02 2017"
"numbers5_ageerror_matrix_2.png","Ageing imprecision: matrix for method 2 <br>(White = 1.0, Orange = 0.5, Red = 0.0)","Numbers",2017-07-12 20:14:59,"StartTime: Wed Jul 12 19:23:02 2017"
"numbers10_ageerror_matrix_1.png","Distribution of observed age at true age 
 for ageing error type 1","Numbers",2017-07-12 20:14:59,"StartTime: Wed Jul 12 19:23:02 2017"
"numbers10_ageerror_matrix_2.png","Distribution of observed age at true age 
 for ageing error type 2","Numbers",2017-07-12 20:14:59,"StartTime: Wed Jul 12 19:23:02 2017"
"comp_lendat_flt1mkt0_page1.png","Length comp data, whole catch, 1_CA_TWL (plot 1 of 2)","CompDat",2017-07-12 20:14:59,"StartTime: Wed Jul 12 19:23:02 2017"
"comp_lendat_flt1mkt0_page2.png","Length comp data, whole catch, 1_CA_TWL (plot 1 of 2) (plot 2 of 2)","CompDat",2017-07-12 20:14:59,"StartTime: Wed Jul 12 19:23:02 2017"
"comp_lendat_bubflt1mkt0_page2.png","Length comp data, whole catch, 1_CA_TWL (max=0.97) (plot 2 of 2)","CompDat",2017-07-12 20:14:59,"StartTime: Wed Jul 12 19:23:02 2017"
"comp_lendat_data_weighting_TA1.8_1_CA_TWL.png","Mean length for 1_CA_TWL with 95% confidence intervals based on current samples sizes.","CompDat",2017-07-12 20:14:59,"StartTime: Wed Jul 12 19:23:02 2017"
"comp_lendat_flt2mkt0_page1.png","Length comp data, whole catch, 2_CA_NONTWL (plot 1 of 3)","CompDat",2017-07-12 20:14:59,"StartTime: Wed Jul 12 19:23:02 2017"
"comp_lendat_flt2mkt0_page2.png","Length comp data, whole catch, 2_CA_NONTWL (plot 1 of 3) (plot 2 of 3)","CompDat",2017-07-12 20:14:59,"StartTime: Wed Jul 12 19:23:02 2017"
"comp_lendat_flt2mkt0_page3.png","Length comp data, whole catch, 2_CA_NONTWL (plot 1 of 3) (plot 2 of 3) (plot 3 of 3)","CompDat",2017-07-12 20:14:59,"StartTime: Wed Jul 12 19:23:02 2017"
"comp_lendat_bubflt2mkt0_page3.png","Length comp data, whole catch, 2_CA_NONTWL (max=0.48) (plot 3 of 3)","CompDat",2017-07-12 20:14:59,"StartTime: Wed Jul 12 19:23:02 2017"
"comp_lendat_data_weighting_TA1.8_2_CA_NONTWL.png","Mean length for 2_CA_NONTWL with 95% confidence intervals based on current samples sizes.","CompDat",2017-07-12 20:14:59,"StartTime: Wed Jul 12 19:23:02 2017"
"comp_lendat_flt3mkt0_page1.png","Length comp data, whole catch, 3_CA_REC (plot 1 of 3)","CompDat",2017-07-12 20:14:59,"StartTime: Wed Jul 12 19:23:02 2017"
"comp_lendat_flt3mkt0_page2.png","Length comp data, whole catch, 3_CA_REC (plot 1 of 3) (plot 2 of 3)","CompDat",2017-07-12 20:14:59,"StartTime: Wed Jul 12 19:23:02 2017"
"comp_lendat_flt3mkt0_page3.png","Length comp data, whole catch, 3_CA_REC (plot 1 of 3) (plot 2 of 3) (plot 3 of 3)","CompDat",2017-07-12 20:14:59,"StartTime: Wed Jul 12 19:23:02 2017"
"comp_lendat_bubflt3mkt0_page3.png","Length comp data, whole catch, 3_CA_REC (max=0.29) (plot 3 of 3)","CompDat",2017-07-12 20:14:59,"StartTime: Wed Jul 12 19:23:02 2017"
"comp_lendat_data_weighting_TA1.8_3_CA_REC.png","Mean length for 3_CA_REC with 95% confidence intervals based on current samples sizes.","CompDat",2017-07-12 20:14:59,"StartTime: Wed Jul 12 19:23:02 2017"
"comp_lendat_flt4mkt0_page1.png","Length comp data, whole catch, 4_ORWA_TWL (plot 1 of 2)","CompDat",2017-07-12 20:14:59,"StartTime: Wed Jul 12 19:23:02 2017"
"comp_lendat_flt4mkt0_page2.png","Length comp data, whole catch, 4_ORWA_TWL (plot 1 of 2) (plot 2 of 2)","CompDat",2017-07-12 20:14:59,"StartTime: Wed Jul 12 19:23:02 2017"
"comp_lendat_bubflt4mkt0_page2.png","Length comp data, whole catch, 4_ORWA_TWL (max=0.29) (plot 2 of 2)","CompDat",2017-07-12 20:14:59,"StartTime: Wed Jul 12 19:23:02 2017"
"comp_lendat_data_weighting_TA1.8_4_ORWA_TWL.png","Mean length for 4_ORWA_TWL with 95% confidence intervals based on current samples sizes.","CompDat",2017-07-12 20:14:59,"StartTime: Wed Jul 12 19:23:02 2017"
"comp_lendat_flt5mkt0_page1.png","Length comp data, whole catch, 5_ORWA_NONTWL (plot 1 of 2)","CompDat",2017-07-12 20:14:59,"StartTime: Wed Jul 12 19:23:02 2017"
"comp_lendat_flt5mkt0_page2.png","Length comp data, whole catch, 5_ORWA_NONTWL (plot 1 of 2) (plot 2 of 2)","CompDat",2017-07-12 20:14:59,"StartTime: Wed Jul 12 19:23:02 2017"
"comp_lendat_bubflt5mkt0_page2.png","Length comp data, whole catch, 5_ORWA_NONTWL (max=0.48) (plot 2 of 2)","CompDat",2017-07-12 20:14:59,"StartTime: Wed Jul 12 19:23:02 2017"
"comp_lendat_data_weighting_TA1.8_5_ORWA_NONTWL.png","Mean length for 5_ORWA_NONTWL with 95% confidence intervals based on current samples sizes.","CompDat",2017-07-12 20:14:59,"StartTime: Wed Jul 12 19:23:02 2017"
"comp_lendat_flt6mkt0_page1.png","Length comp data, whole catch, 6_OR_REC (plot 1 of 3)","CompDat",2017-07-12 20:14:59,"StartTime: Wed Jul 12 19:23:02 2017"
"comp_lendat_flt6mkt0_page2.png","Length comp data, whole catch, 6_OR_REC (plot 1 of 3) (plot 2 of 3)","CompDat",2017-07-12 20:14:59,"StartTime: Wed Jul 12 19:23:02 2017"
"comp_lendat_flt6mkt0_page3.png","Length comp data, whole catch, 6_OR_REC (plot 1 of 3) (plot 2 of 3) (plot 3 of 3)","CompDat",2017-07-12 20:14:59,"StartTime: Wed Jul 12 19:23:02 2017"
"comp_lendat_bubflt6mkt0_page3.png","Length comp data, whole catch, 6_OR_REC (max=0.65) (plot 3 of 3)","CompDat",2017-07-12 20:14:59,"StartTime: Wed Jul 12 19:23:02 2017"
"comp_lendat_data_weighting_TA1.8_6_OR_REC.png","Mean length for 6_OR_REC with 95% confidence intervals based on current samples sizes.","CompDat",2017-07-12 20:14:59,"StartTime: Wed Jul 12 19:23:02 2017"
"comp_lendat_flt7mkt0_page1.png","Length comp data, whole catch, 7_WA_REC (plot 1 of 2)","CompDat",2017-07-12 20:14:59,"StartTime: Wed Jul 12 19:23:02 2017"
"comp_lendat_flt7mkt0_page2.png","Length comp data, whole catch, 7_WA_REC (plot 1 of 2) (plot 2 of 2)","CompDat",2017-07-12 20:14:59,"StartTime: Wed Jul 12 19:23:02 2017"
"comp_lendat_bubflt7mkt0_page2.png","Length comp data, whole catch, 7_WA_REC (max=0.97) (plot 2 of 2)","CompDat",2017-07-12 20:14:59,"StartTime: Wed Jul 12 19:23:02 2017"
"comp_lendat_data_weighting_TA1.8_7_WA_REC.png","Mean length for 7_WA_REC with 95% confidence intervals based on current samples sizes.","CompDat",2017-07-12 20:14:59,"StartTime: Wed Jul 12 19:23:02 2017"
"comp_lendat_flt8mkt0_page1.png","Length comp data, whole catch, 8_CACPFV (plot 1 of 2)","CompDat",2017-07-12 20:14:59,"StartTime: Wed Jul 12 19:23:02 2017"
"comp_lendat_flt8mkt0_page2.png","Length comp data, whole catch, 8_CACPFV (plot 1 of 2) (plot 2 of 2)","CompDat",2017-07-12 20:14:59,"StartTime: Wed Jul 12 19:23:02 2017"
"comp_lendat_bubflt8mkt0_page2.png","Length comp data, whole catch, 8_CACPFV (max=0.48) (plot 2 of 2)","CompDat",2017-07-12 20:14:59,"StartTime: Wed Jul 12 19:23:02 2017"
"comp_lendat_data_weighting_TA1.8_8_CACPFV.png","Mean length for 8_CACPFV with 95% confidence intervals based on current samples sizes.","CompDat",2017-07-12 20:14:59,"StartTime: Wed Jul 12 19:23:02 2017"
"comp_lendat_flt9mkt0.png","Length comp data, whole catch, 9_OR_RECOB","CompDat",2017-07-12 20:14:59,"StartTime: Wed Jul 12 19:23:02 2017"
"comp_lendat_bubflt9mkt0.png","Length comp data, whole catch, 9_OR_RECOB (max=0.48)","CompDat",2017-07-12 20:14:59,"StartTime: Wed Jul 12 19:23:02 2017"
"comp_lendat_data_weighting_TA1.8_9_OR_RECOB.png","Mean length for 9_OR_RECOB with 95% confidence intervals based on current samples sizes.","CompDat",2017-07-12 20:14:59,"StartTime: Wed Jul 12 19:23:02 2017"
"comp_lendat_flt10mkt0.png","Length comp data, whole catch, 10_TRI_ORWA","CompDat",2017-07-12 20:14:59,"StartTime: Wed Jul 12 19:23:02 2017"
"comp_lendat_bubflt10mkt0.png","Length comp data, whole catch, 10_TRI_ORWA (max=0.21)","CompDat",2017-07-12 20:14:59,"StartTime: Wed Jul 12 19:23:02 2017"
"comp_lendat_data_weighting_TA1.8_10_TRI_ORWA.png","Mean length for 10_TRI_ORWA with 95% confidence intervals based on current samples sizes.","CompDat",2017-07-12 20:14:59,"StartTime: Wed Jul 12 19:23:02 2017"
"comp_lendat_flt11mkt0.png","Length comp data, whole catch, 11_NWFSC_ORWA","CompDat",2017-07-12 20:14:59,"StartTime: Wed Jul 12 19:23:02 2017"
"comp_lendat_bubflt11mkt0.png","Length comp data, whole catch, 11_NWFSC_ORWA (max=0.23)","CompDat",2017-07-12 20:14:59,"StartTime: Wed Jul 12 19:23:02 2017"
"comp_lendat_data_weighting_TA1.8_11_NWFSC_ORWA.png","Mean length for 11_NWFSC_ORWA with 95% confidence intervals based on current samples sizes.","CompDat",2017-07-12 20:14:59,"StartTime: Wed Jul 12 19:23:02 2017"
"comp_lendat_flt12mkt0.png","Length comp data, whole catch, 12_IPHC_ORWA","CompDat",2017-07-12 20:14:59,"StartTime: Wed Jul 12 19:23:02 2017"
"comp_lendat_bubflt12mkt0.png","Length comp data, whole catch, 12_IPHC_ORWA (max=0.21)","CompDat",2017-07-12 20:14:59,"StartTime: Wed Jul 12 19:23:02 2017"
"comp_lendat_data_weighting_TA1.8_12_IPHC_ORWA.png","Mean length for 12_IPHC_ORWA with 95% confidence intervals based on current samples sizes.","CompDat",2017-07-12 20:14:59,"StartTime: Wed Jul 12 19:23:02 2017"
"comp_lendat__aggregated_across_time.png","Length comp data, aggregated across time by fleet.
 <br> Labels 'retained' and 'discard' indicate discarded or retained sampled for each fleet. Panels without this designation represent the whole catch.
","CompDat",2017-07-12 20:14:59,"StartTime: Wed Jul 12 19:23:02 2017"
"comp_lendat__page1_multi-fleet_comparison.png","Length comp data,  comparing across fleets (plot 1 of 3)","CompDat",2017-07-12 20:14:59,"StartTime: Wed Jul 12 19:23:02 2017"
"comp_lendat__page2_multi-fleet_comparison.png","Length comp data,  comparing across fleets (plot 2 of 3)","CompDat",2017-07-12 20:14:59,"StartTime: Wed Jul 12 19:23:02 2017"
"comp_lendat__page3_multi-fleet_comparison.png","Length comp data,  comparing across fleets (plot 3 of 3)","CompDat",2017-07-12 20:14:59,"StartTime: Wed Jul 12 19:23:02 2017"
"comp_gstagedat_flt2mkt0.png","Ghost age comp data, whole catch, 2_CA_NONTWL","CompDat",2017-07-12 20:14:59,"StartTime: Wed Jul 12 19:23:02 2017"
"comp_gstagedat_bubflt2mkt0.png","Ghost age comp data, whole catch, 2_CA_NONTWL (max=0.94)","CompDat",2017-07-12 20:14:59,"StartTime: Wed Jul 12 19:23:02 2017"
"comp_gstagedat_flt3mkt0.png","Ghost age comp data, whole catch, 3_CA_REC","CompDat",2017-07-12 20:14:59,"StartTime: Wed Jul 12 19:23:02 2017"
"comp_gstagedat_bubflt3mkt0.png","Ghost age comp data, whole catch, 3_CA_REC (max=0.94)","CompDat",2017-07-12 20:14:59,"StartTime: Wed Jul 12 19:23:02 2017"
"comp_gstagedat_flt4mkt0.png","Ghost age comp data, whole catch, 4_ORWA_TWL","CompDat",2017-07-12 20:14:59,"StartTime: Wed Jul 12 19:23:02 2017"
"comp_gstagedat_bubflt4mkt0.png","Ghost age comp data, whole catch, 4_ORWA_TWL (max=0.37)","CompDat",2017-07-12 20:14:59,"StartTime: Wed Jul 12 19:23:02 2017"
"comp_gstagedat_flt5mkt0.png","Ghost age comp data, whole catch, 5_ORWA_NONTWL","CompDat",2017-07-12 20:14:59,"StartTime: Wed Jul 12 19:23:02 2017"
"comp_gstagedat_bubflt5mkt0.png","Ghost age comp data, whole catch, 5_ORWA_NONTWL (max=0.94)","CompDat",2017-07-12 20:14:59,"StartTime: Wed Jul 12 19:23:02 2017"
"comp_gstagedat_flt6mkt0.png","Ghost age comp data, whole catch, 6_OR_REC","CompDat",2017-07-12 20:14:59,"StartTime: Wed Jul 12 19:23:02 2017"
"comp_gstagedat_bubflt6mkt0.png","Ghost age comp data, whole catch, 6_OR_REC (max=0.94)","CompDat",2017-07-12 20:14:59,"StartTime: Wed Jul 12 19:23:02 2017"
"comp_gstagedat_flt7mkt0.png","Ghost age comp data, whole catch, 7_WA_REC","CompDat",2017-07-12 20:14:59,"StartTime: Wed Jul 12 19:23:02 2017"
"comp_gstagedat_bubflt7mkt0.png","Ghost age comp data, whole catch, 7_WA_REC (max=0.94)","CompDat",2017-07-12 20:14:59,"StartTime: Wed Jul 12 19:23:02 2017"
"comp_gstagedat_flt11mkt0.png","Ghost age comp data, whole catch, 11_NWFSC_ORWA","CompDat",2017-07-12 20:14:59,"StartTime: Wed Jul 12 19:23:02 2017"
"comp_gstagedat_bubflt11mkt0.png","Ghost age comp data, whole catch, 11_NWFSC_ORWA (max=0.16)","CompDat",2017-07-12 20:14:59,"StartTime: Wed Jul 12 19:23:02 2017"
"comp_gstagedat_flt12mkt0.png","Ghost age comp data, whole catch, 12_IPHC_ORWA","CompDat",2017-07-12 20:14:59,"StartTime: Wed Jul 12 19:23:02 2017"
"comp_gstagedat_bubflt12mkt0.png","Ghost age comp data, whole catch, 12_IPHC_ORWA (max=0.19)","CompDat",2017-07-12 20:14:59,"StartTime: Wed Jul 12 19:23:02 2017"
"comp_condAALdat_bubflt2mkt0_page1.png","Conditional age-at-length data, whole catch, 2_CA_NONTWL (max=0.94) (plot 1 of 2)","CompDat",2017-07-12 20:14:59,"StartTime: Wed Jul 12 19:23:02 2017"
"comp_condAALdat_bubflt2mkt0_page2.png","Conditional age-at-length data, whole catch, 2_CA_NONTWL (max=0.94) (plot 1 of 2) (plot 2 of 2)","CompDat",2017-07-12 20:14:59,"StartTime: Wed Jul 12 19:23:02 2017"
"comp_condAALdat_data_weighting_TA1.8_condAge2_CA_NONTWL.png","Mean age from conditional data (aggregated across length bins) for 2_CA_NONTWL with 95% confidence intervals  based on current samples sizes.","CompDat",2017-07-12 20:14:59,"StartTime: Wed Jul 12 19:23:02 2017"
"comp_condAALdat_Andre_plotsflt2mkt0_page1.png","Conditional AAL plot, whole catch, 2_CA_NONTWL (plot 1 of 4)
These plots show mean age and std. dev. in conditional A@L.<br>Left plots are mean A@L by size-class (obs. and pred.) with 90% CIs based on adding 1.64 SE of mean to the data.<br>Right plots in each pair are SE of mean A@L (obs. and pred.) with 90% CIs based on the chi-square distribution.","CompDat",2017-07-12 20:14:59,"StartTime: Wed Jul 12 19:23:02 2017"
"comp_condAALdat_Andre_plotsflt2mkt0_page2.png","Conditional AAL plot, whole catch, 2_CA_NONTWL (plot 2 of 4)","CompDat",2017-07-12 20:14:59,"StartTime: Wed Jul 12 19:23:02 2017"
"comp_condAALdat_Andre_plotsflt2mkt0_page3.png","Conditional AAL plot, whole catch, 2_CA_NONTWL (plot 3 of 4)","CompDat",2017-07-12 20:14:59,"StartTime: Wed Jul 12 19:23:02 2017"
"comp_condAALdat_Andre_plotsflt2mkt0_page4.png","Conditional AAL plot, whole catch, 2_CA_NONTWL (plot 4 of 4)","CompDat",2017-07-12 20:14:59,"StartTime: Wed Jul 12 19:23:02 2017"
"comp_condAALdat_bubflt3mkt0_page1.png","Conditional age-at-length data, whole catch, 3_CA_REC (max=0.94) (plot 1 of 2)","CompDat",2017-07-12 20:14:59,"StartTime: Wed Jul 12 19:23:02 2017"
"comp_condAALdat_bubflt3mkt0_page2.png","Conditional age-at-length data, whole catch, 3_CA_REC (max=0.94) (plot 1 of 2) (plot 2 of 2)","CompDat",2017-07-12 20:14:59,"StartTime: Wed Jul 12 19:23:02 2017"
"comp_condAALdat_data_weighting_TA1.8_condAge3_CA_REC.png","Mean age from conditional data (aggregated across length bins) for 3_CA_REC with 95% confidence intervals  based on current samples sizes.","CompDat",2017-07-12 20:14:59,"StartTime: Wed Jul 12 19:23:02 2017"
"comp_condAALdat_Andre_plotsflt3mkt0_page1.png","Conditional AAL plot, whole catch, 3_CA_REC (plot 1 of 6)
These plots show mean age and std. dev. in conditional A@L.<br>Left plots are mean A@L by size-class (obs. and pred.) with 90% CIs based on adding 1.64 SE of mean to the data.<br>Right plots in each pair are SE of mean A@L (obs. and pred.) with 90% CIs based on the chi-square distribution.","CompDat",2017-07-12 20:14:59,"StartTime: Wed Jul 12 19:23:02 2017"
"comp_condAALdat_Andre_plotsflt3mkt0_page2.png","Conditional AAL plot, whole catch, 3_CA_REC (plot 2 of 6)","CompDat",2017-07-12 20:14:59,"StartTime: Wed Jul 12 19:23:02 2017"
"comp_condAALdat_Andre_plotsflt3mkt0_page3.png","Conditional AAL plot, whole catch, 3_CA_REC (plot 3 of 6)","CompDat",2017-07-12 20:14:59,"StartTime: Wed Jul 12 19:23:02 2017"
"comp_condAALdat_Andre_plotsflt3mkt0_page4.png","Conditional AAL plot, whole catch, 3_CA_REC (plot 4 of 6)","CompDat",2017-07-12 20:14:59,"StartTime: Wed Jul 12 19:23:02 2017"
"comp_condAALdat_Andre_plotsflt3mkt0_page5.png","Conditional AAL plot, whole catch, 3_CA_REC (plot 5 of 6)","CompDat",2017-07-12 20:14:59,"StartTime: Wed Jul 12 19:23:02 2017"
"comp_condAALdat_Andre_plotsflt3mkt0_page6.png","Conditional AAL plot, whole catch, 3_CA_REC (plot 6 of 6)","CompDat",2017-07-12 20:14:59,"StartTime: Wed Jul 12 19:23:02 2017"
"comp_condAALdat_bubflt4mkt0_page1.png","Conditional age-at-length data, whole catch, 4_ORWA_TWL (max=0.94) (plot 1 of 2)","CompDat",2017-07-12 20:14:59,"StartTime: Wed Jul 12 19:23:02 2017"
"comp_condAALdat_bubflt4mkt0_page2.png","Conditional age-at-length data, whole catch, 4_ORWA_TWL (max=0.94) (plot 1 of 2) (plot 2 of 2)","CompDat",2017-07-12 20:14:59,"StartTime: Wed Jul 12 19:23:02 2017"
"comp_condAALdat_data_weighting_TA1.8_condAge4_ORWA_TWL.png","Mean age from conditional data (aggregated across length bins) for 4_ORWA_TWL with 95% confidence intervals  based on current samples sizes.","CompDat",2017-07-12 20:14:59,"StartTime: Wed Jul 12 19:23:02 2017"
"comp_condAALdat_Andre_plotsflt4mkt0_page1.png","Conditional AAL plot, whole catch, 4_ORWA_TWL (plot 1 of 5)
These plots show mean age and std. dev. in conditional A@L.<br>Left plots are mean A@L by size-class (obs. and pred.) with 90% CIs based on adding 1.64 SE of mean to the data.<br>Right plots in each pair are SE of mean A@L (obs. and pred.) with 90% CIs based on the chi-square distribution.","CompDat",2017-07-12 20:14:59,"StartTime: Wed Jul 12 19:23:02 2017"
"comp_condAALdat_Andre_plotsflt4mkt0_page2.png","Conditional AAL plot, whole catch, 4_ORWA_TWL (plot 2 of 5)","CompDat",2017-07-12 20:14:59,"StartTime: Wed Jul 12 19:23:02 2017"
"comp_condAALdat_Andre_plotsflt4mkt0_page3.png","Conditional AAL plot, whole catch, 4_ORWA_TWL (plot 3 of 5)","CompDat",2017-07-12 20:14:59,"StartTime: Wed Jul 12 19:23:02 2017"
"comp_condAALdat_Andre_plotsflt4mkt0_page4.png","Conditional AAL plot, whole catch, 4_ORWA_TWL (plot 4 of 5)","CompDat",2017-07-12 20:14:59,"StartTime: Wed Jul 12 19:23:02 2017"
"comp_condAALdat_Andre_plotsflt4mkt0_page5.png","Conditional AAL plot, whole catch, 4_ORWA_TWL (plot 5 of 5)","CompDat",2017-07-12 20:14:59,"StartTime: Wed Jul 12 19:23:02 2017"
"comp_condAALdat_bubflt5mkt0_page1.png","Conditional age-at-length data, whole catch, 5_ORWA_NONTWL (max=0.94) (plot 1 of 2)","CompDat",2017-07-12 20:14:59,"StartTime: Wed Jul 12 19:23:02 2017"
"comp_condAALdat_bubflt5mkt0_page2.png","Conditional age-at-length data, whole catch, 5_ORWA_NONTWL (max=0.94) (plot 1 of 2) (plot 2 of 2)","CompDat",2017-07-12 20:14:59,"StartTime: Wed Jul 12 19:23:02 2017"
"comp_condAALdat_data_weighting_TA1.8_condAge5_ORWA_NONTWL.png","Mean age from conditional data (aggregated across length bins) for 5_ORWA_NONTWL with 95% confidence intervals  based on current samples sizes.","CompDat",2017-07-12 20:14:59,"StartTime: Wed Jul 12 19:23:02 2017"
"comp_condAALdat_Andre_plotsflt5mkt0_page1.png","Conditional AAL plot, whole catch, 5_ORWA_NONTWL (plot 1 of 5)
These plots show mean age and std. dev. in conditional A@L.<br>Left plots are mean A@L by size-class (obs. and pred.) with 90% CIs based on adding 1.64 SE of mean to the data.<br>Right plots in each pair are SE of mean A@L (obs. and pred.) with 90% CIs based on the chi-square distribution.","CompDat",2017-07-12 20:14:59,"StartTime: Wed Jul 12 19:23:02 2017"
"comp_condAALdat_Andre_plotsflt5mkt0_page2.png","Conditional AAL plot, whole catch, 5_ORWA_NONTWL (plot 2 of 5)","CompDat",2017-07-12 20:14:59,"StartTime: Wed Jul 12 19:23:02 2017"
"comp_condAALdat_Andre_plotsflt5mkt0_page3.png","Conditional AAL plot, whole catch, 5_ORWA_NONTWL (plot 3 of 5)","CompDat",2017-07-12 20:14:59,"StartTime: Wed Jul 12 19:23:02 2017"
"comp_condAALdat_Andre_plotsflt5mkt0_page4.png","Conditional AAL plot, whole catch, 5_ORWA_NONTWL (plot 4 of 5)","CompDat",2017-07-12 20:14:59,"StartTime: Wed Jul 12 19:23:02 2017"
"comp_condAALdat_Andre_plotsflt5mkt0_page5.png","Conditional AAL plot, whole catch, 5_ORWA_NONTWL (plot 5 of 5)","CompDat",2017-07-12 20:14:59,"StartTime: Wed Jul 12 19:23:02 2017"
"comp_condAALdat_bubflt6mkt0_page1.png","Conditional age-at-length data, whole catch, 6_OR_REC (max=0.94) (plot 1 of 3)","CompDat",2017-07-12 20:14:59,"StartTime: Wed Jul 12 19:23:02 2017"
"comp_condAALdat_bubflt6mkt0_page2.png","Conditional age-at-length data, whole catch, 6_OR_REC (max=0.94) (plot 1 of 3) (plot 2 of 3)","CompDat",2017-07-12 20:14:59,"StartTime: Wed Jul 12 19:23:02 2017"
"comp_condAALdat_bubflt6mkt0_page3.png","Conditional age-at-length data, whole catch, 6_OR_REC (max=0.94) (plot 1 of 3) (plot 2 of 3) (plot 3 of 3)","CompDat",2017-07-12 20:14:59,"StartTime: Wed Jul 12 19:23:02 2017"
"comp_condAALdat_data_weighting_TA1.8_condAge6_OR_REC.png","Mean age from conditional data (aggregated across length bins) for 6_OR_REC with 95% confidence intervals  based on current samples sizes.","CompDat",2017-07-12 20:14:59,"StartTime: Wed Jul 12 19:23:02 2017"
"comp_condAALdat_Andre_plotsflt6mkt0_page1.png","Conditional AAL plot, whole catch, 6_OR_REC (plot 1 of 6)
These plots show mean age and std. dev. in conditional A@L.<br>Left plots are mean A@L by size-class (obs. and pred.) with 90% CIs based on adding 1.64 SE of mean to the data.<br>Right plots in each pair are SE of mean A@L (obs. and pred.) with 90% CIs based on the chi-square distribution.","CompDat",2017-07-12 20:14:59,"StartTime: Wed Jul 12 19:23:02 2017"
"comp_condAALdat_Andre_plotsflt6mkt0_page2.png","Conditional AAL plot, whole catch, 6_OR_REC (plot 2 of 6)","CompDat",2017-07-12 20:14:59,"StartTime: Wed Jul 12 19:23:02 2017"
"comp_condAALdat_Andre_plotsflt6mkt0_page3.png","Conditional AAL plot, whole catch, 6_OR_REC (plot 3 of 6)","CompDat",2017-07-12 20:14:59,"StartTime: Wed Jul 12 19:23:02 2017"
"comp_condAALdat_Andre_plotsflt6mkt0_page4.png","Conditional AAL plot, whole catch, 6_OR_REC (plot 4 of 6)","CompDat",2017-07-12 20:14:59,"StartTime: Wed Jul 12 19:23:02 2017"
"comp_condAALdat_Andre_plotsflt6mkt0_page5.png","Conditional AAL plot, whole catch, 6_OR_REC (plot 5 of 6)","CompDat",2017-07-12 20:14:59,"StartTime: Wed Jul 12 19:23:02 2017"
"comp_condAALdat_Andre_plotsflt6mkt0_page6.png","Conditional AAL plot, whole catch, 6_OR_REC (plot 6 of 6)","CompDat",2017-07-12 20:14:59,"StartTime: Wed Jul 12 19:23:02 2017"
"comp_condAALdat_bubflt7mkt0_page1.png","Conditional age-at-length data, whole catch, 7_WA_REC (max=0.94) (plot 1 of 2)","CompDat",2017-07-12 20:14:59,"StartTime: Wed Jul 12 19:23:02 2017"
"comp_condAALdat_bubflt7mkt0_page2.png","Conditional age-at-length data, whole catch, 7_WA_REC (max=0.94) (plot 1 of 2) (plot 2 of 2)","CompDat",2017-07-12 20:14:59,"StartTime: Wed Jul 12 19:23:02 2017"
"comp_condAALdat_data_weighting_TA1.8_condAge7_WA_REC.png","Mean age from conditional data (aggregated across length bins) for 7_WA_REC with 95% confidence intervals  based on current samples sizes.","CompDat",2017-07-12 20:14:59,"StartTime: Wed Jul 12 19:23:02 2017"
"comp_condAALdat_Andre_plotsflt7mkt0_page1.png","Conditional AAL plot, whole catch, 7_WA_REC (plot 1 of 4)
These plots show mean age and std. dev. in conditional A@L.<br>Left plots are mean A@L by size-class (obs. and pred.) with 90% CIs based on adding 1.64 SE of mean to the data.<br>Right plots in each pair are SE of mean A@L (obs. and pred.) with 90% CIs based on the chi-square distribution.","CompDat",2017-07-12 20:14:59,"StartTime: Wed Jul 12 19:23:02 2017"
"comp_condAALdat_Andre_plotsflt7mkt0_page2.png","Conditional AAL plot, whole catch, 7_WA_REC (plot 2 of 4)","CompDat",2017-07-12 20:14:59,"StartTime: Wed Jul 12 19:23:02 2017"
"comp_condAALdat_Andre_plotsflt7mkt0_page3.png","Conditional AAL plot, whole catch, 7_WA_REC (plot 3 of 4)","CompDat",2017-07-12 20:14:59,"StartTime: Wed Jul 12 19:23:02 2017"
"comp_condAALdat_Andre_plotsflt7mkt0_page4.png","Conditional AAL plot, whole catch, 7_WA_REC (plot 4 of 4)","CompDat",2017-07-12 20:14:59,"StartTime: Wed Jul 12 19:23:02 2017"
"comp_condAALdat_bubflt11mkt0_page1.png","Conditional age-at-length data, whole catch, 11_NWFSC_ORWA (max=0.94) (plot 1 of 2)","CompDat",2017-07-12 20:14:59,"StartTime: Wed Jul 12 19:23:02 2017"
"comp_condAALdat_bubflt11mkt0_page2.png","Conditional age-at-length data, whole catch, 11_NWFSC_ORWA (max=0.94) (plot 1 of 2) (plot 2 of 2)","CompDat",2017-07-12 20:14:59,"StartTime: Wed Jul 12 19:23:02 2017"
"comp_condAALdat_data_weighting_TA1.8_condAge11_NWFSC_ORWA.png","Mean age from conditional data (aggregated across length bins) for 11_NWFSC_ORWA with 95% confidence intervals  based on current samples sizes.","CompDat",2017-07-12 20:14:59,"StartTime: Wed Jul 12 19:23:02 2017"
"comp_condAALdat_Andre_plotsflt11mkt0_page1.png","Conditional AAL plot, whole catch, 11_NWFSC_ORWA (plot 1 of 5)
These plots show mean age and std. dev. in conditional A@L.<br>Left plots are mean A@L by size-class (obs. and pred.) with 90% CIs based on adding 1.64 SE of mean to the data.<br>Right plots in each pair are SE of mean A@L (obs. and pred.) with 90% CIs based on the chi-square distribution.","CompDat",2017-07-12 20:14:59,"StartTime: Wed Jul 12 19:23:02 2017"
"comp_condAALdat_Andre_plotsflt11mkt0_page2.png","Conditional AAL plot, whole catch, 11_NWFSC_ORWA (plot 2 of 5)","CompDat",2017-07-12 20:14:59,"StartTime: Wed Jul 12 19:23:02 2017"
"comp_condAALdat_Andre_plotsflt11mkt0_page3.png","Conditional AAL plot, whole catch, 11_NWFSC_ORWA (plot 3 of 5)","CompDat",2017-07-12 20:14:59,"StartTime: Wed Jul 12 19:23:02 2017"
"comp_condAALdat_Andre_plotsflt11mkt0_page4.png","Conditional AAL plot, whole catch, 11_NWFSC_ORWA (plot 4 of 5)","CompDat",2017-07-12 20:14:59,"StartTime: Wed Jul 12 19:23:02 2017"
"comp_condAALdat_Andre_plotsflt11mkt0_page5.png","Conditional AAL plot, whole catch, 11_NWFSC_ORWA (plot 5 of 5)","CompDat",2017-07-12 20:14:59,"StartTime: Wed Jul 12 19:23:02 2017"
"comp_condAALdat_bubflt12mkt0_page1.png","Conditional age-at-length data, whole catch, 12_IPHC_ORWA (max=0.94) (plot 1 of 2)","CompDat",2017-07-12 20:14:59,"StartTime: Wed Jul 12 19:23:02 2017"
"comp_condAALdat_bubflt12mkt0_page2.png","Conditional age-at-length data, whole catch, 12_IPHC_ORWA (max=0.94) (plot 1 of 2) (plot 2 of 2)","CompDat",2017-07-12 20:14:59,"StartTime: Wed Jul 12 19:23:02 2017"
"comp_condAALdat_data_weighting_TA1.8_condAge12_IPHC_ORWA.png","Mean age from conditional data (aggregated across length bins) for 12_IPHC_ORWA with 95% confidence intervals  based on current samples sizes.","CompDat",2017-07-12 20:14:59,"StartTime: Wed Jul 12 19:23:02 2017"
"comp_condAALdat_Andre_plotsflt12mkt0_page1.png","Conditional AAL plot, whole catch, 12_IPHC_ORWA (plot 1 of 5)
These plots show mean age and std. dev. in conditional A@L.<br>Left plots are mean A@L by size-class (obs. and pred.) with 90% CIs based on adding 1.64 SE of mean to the data.<br>Right plots in each pair are SE of mean A@L (obs. and pred.) with 90% CIs based on the chi-square distribution.","CompDat",2017-07-12 20:14:59,"StartTime: Wed Jul 12 19:23:02 2017"
"comp_condAALdat_Andre_plotsflt12mkt0_page2.png","Conditional AAL plot, whole catch, 12_IPHC_ORWA (plot 2 of 5)","CompDat",2017-07-12 20:14:59,"StartTime: Wed Jul 12 19:23:02 2017"
"comp_condAALdat_Andre_plotsflt12mkt0_page3.png","Conditional AAL plot, whole catch, 12_IPHC_ORWA (plot 3 of 5)","CompDat",2017-07-12 20:14:59,"StartTime: Wed Jul 12 19:23:02 2017"
"comp_condAALdat_Andre_plotsflt12mkt0_page4.png","Conditional AAL plot, whole catch, 12_IPHC_ORWA (plot 4 of 5)","CompDat",2017-07-12 20:14:59,"StartTime: Wed Jul 12 19:23:02 2017"
"comp_condAALdat_Andre_plotsflt12mkt0_page5.png","Conditional AAL plot, whole catch, 12_IPHC_ORWA (plot 5 of 5)","CompDat",2017-07-12 20:14:59,"StartTime: Wed Jul 12 19:23:02 2017"
"comp_lenfit_flt1mkt0_page1.png","Length comps, whole catch, 1_CA_TWL (plot 1 of 2)","LenComp",2017-07-12 20:14:59,"StartTime: Wed Jul 12 19:23:02 2017"
"comp_lenfit_flt1mkt0_page2.png","Length comps, whole catch, 1_CA_TWL (plot 1 of 2) (plot 2 of 2)","LenComp",2017-07-12 20:14:59,"StartTime: Wed Jul 12 19:23:02 2017"
"comp_lenfit_residsflt1mkt0_page2.png","Pearson residuals, whole catch, 1_CA_TWL (max=6.36) (plot 2 of 2) <br> 
Closed bubbles are positive residuals (observed > expected) and open bubbles are negative residuals (observed < expected).","LenComp",2017-07-12 20:14:59,"StartTime: Wed Jul 12 19:23:02 2017"
"comp_lenfit_sampsize_flt1mkt0.png","N-EffN comparison, Length comps, whole catch, 1_CA_TWL","LenComp",2017-07-12 20:14:59,"StartTime: Wed Jul 12 19:23:02 2017"
"comp_lenfit_data_weighting_TA1.8_1_CA_TWL.png","Mean length for 1_CA_TWL with 95% confidence intervals based on current samples sizes.<br>Francis data weighting method TA1.8: thinner intervals (with capped ends) show result of further adjusting sample sizes based on suggested multiplier (with 95% interval) for len data from 1_CA_TWL:<br>1.0053 (0.7033-1.8697) <br><br>For more info, see<br> <blockquote>Francis, R.I.C.C. (2011). Data weighting in statistical fisheries stock assessment models. <i>Can. J. Fish. Aquat. Sci.</i> 68: 1124-1138.</blockquote>","LenComp",2017-07-12 20:14:59,"StartTime: Wed Jul 12 19:23:02 2017"
"comp_lenfit_flt2mkt0_page1.png","Length comps, whole catch, 2_CA_NONTWL (plot 1 of 3)","LenComp",2017-07-12 20:14:59,"StartTime: Wed Jul 12 19:23:02 2017"
"comp_lenfit_flt2mkt0_page2.png","Length comps, whole catch, 2_CA_NONTWL (plot 1 of 3) (plot 2 of 3)","LenComp",2017-07-12 20:14:59,"StartTime: Wed Jul 12 19:23:02 2017"
"comp_lenfit_flt2mkt0_page3.png","Length comps, whole catch, 2_CA_NONTWL (plot 1 of 3) (plot 2 of 3) (plot 3 of 3)","LenComp",2017-07-12 20:14:59,"StartTime: Wed Jul 12 19:23:02 2017"
"comp_lenfit_residsflt2mkt0_page3.png","Pearson residuals, whole catch, 2_CA_NONTWL (max=3.75) (plot 3 of 3) <br> 
Closed bubbles are positive residuals (observed > expected) and open bubbles are negative residuals (observed < expected).","LenComp",2017-07-12 20:14:59,"StartTime: Wed Jul 12 19:23:02 2017"
"comp_lenfit_sampsize_flt2mkt0.png","N-EffN comparison, Length comps, whole catch, 2_CA_NONTWL","LenComp",2017-07-12 20:14:59,"StartTime: Wed Jul 12 19:23:02 2017"
"comp_lenfit_data_weighting_TA1.8_2_CA_NONTWL.png","Mean length for 2_CA_NONTWL with 95% confidence intervals based on current samples sizes.<br>Francis data weighting method TA1.8: thinner intervals (with capped ends) show result of further adjusting sample sizes based on suggested multiplier (with 95% interval) for len data from 2_CA_NONTWL:<br>1.0139 (0.6489-1.8624) <br><br>For more info, see<br> <blockquote>Francis, R.I.C.C. (2011). Data weighting in statistical fisheries stock assessment models. <i>Can. J. Fish. Aquat. Sci.</i> 68: 1124-1138.</blockquote>","LenComp",2017-07-12 20:14:59,"StartTime: Wed Jul 12 19:23:02 2017"
"comp_lenfit_flt3mkt0_page1.png","Length comps, whole catch, 3_CA_REC (plot 1 of 3)","LenComp",2017-07-12 20:14:59,"StartTime: Wed Jul 12 19:23:02 2017"
"comp_lenfit_flt3mkt0_page2.png","Length comps, whole catch, 3_CA_REC (plot 1 of 3) (plot 2 of 3)","LenComp",2017-07-12 20:14:59,"StartTime: Wed Jul 12 19:23:02 2017"
"comp_lenfit_flt3mkt0_page3.png","Length comps, whole catch, 3_CA_REC (plot 1 of 3) (plot 2 of 3) (plot 3 of 3)","LenComp",2017-07-12 20:14:59,"StartTime: Wed Jul 12 19:23:02 2017"
"comp_lenfit_residsflt3mkt0_page3.png","Pearson residuals, whole catch, 3_CA_REC (max=5.41) (plot 3 of 3) <br> 
Closed bubbles are positive residuals (observed > expected) and open bubbles are negative residuals (observed < expected).","LenComp",2017-07-12 20:14:59,"StartTime: Wed Jul 12 19:23:02 2017"
"comp_lenfit_sampsize_flt3mkt0.png","N-EffN comparison, Length comps, whole catch, 3_CA_REC","LenComp",2017-07-12 20:14:59,"StartTime: Wed Jul 12 19:23:02 2017"
"comp_lenfit_data_weighting_TA1.8_3_CA_REC.png","Mean length for 3_CA_REC with 95% confidence intervals based on current samples sizes.<br>Francis data weighting method TA1.8: thinner intervals (with capped ends) show result of further adjusting sample sizes based on suggested multiplier (with 95% interval) for len data from 3_CA_REC:<br>0.9958 (0.6955-1.7447) <br><br>For more info, see<br> <blockquote>Francis, R.I.C.C. (2011). Data weighting in statistical fisheries stock assessment models. <i>Can. J. Fish. Aquat. Sci.</i> 68: 1124-1138.</blockquote>","LenComp",2017-07-12 20:14:59,"StartTime: Wed Jul 12 19:23:02 2017"
"comp_lenfit_flt4mkt0_page1.png","Length comps, whole catch, 4_ORWA_TWL (plot 1 of 2)","LenComp",2017-07-12 20:14:59,"StartTime: Wed Jul 12 19:23:02 2017"
"comp_lenfit_flt4mkt0_page2.png","Length comps, whole catch, 4_ORWA_TWL (plot 1 of 2) (plot 2 of 2)","LenComp",2017-07-12 20:14:59,"StartTime: Wed Jul 12 19:23:02 2017"
"comp_lenfit_residsflt4mkt0_page2.png","Pearson residuals, whole catch, 4_ORWA_TWL (max=3.55) (plot 2 of 2) <br> 
Closed bubbles are positive residuals (observed > expected) and open bubbles are negative residuals (observed < expected).","LenComp",2017-07-12 20:14:59,"StartTime: Wed Jul 12 19:23:02 2017"
"comp_lenfit_sampsize_flt4mkt0.png","N-EffN comparison, Length comps, whole catch, 4_ORWA_TWL","LenComp",2017-07-12 20:14:59,"StartTime: Wed Jul 12 19:23:02 2017"
"comp_lenfit_data_weighting_TA1.8_4_ORWA_TWL.png","Mean length for 4_ORWA_TWL with 95% confidence intervals based on current samples sizes.<br>Francis data weighting method TA1.8: thinner intervals (with capped ends) show result of further adjusting sample sizes based on suggested multiplier (with 95% interval) for len data from 4_ORWA_TWL:<br>0.971 (0.6493-1.9967) <br><br>For more info, see<br> <blockquote>Francis, R.I.C.C. (2011). Data weighting in statistical fisheries stock assessment models. <i>Can. J. Fish. Aquat. Sci.</i> 68: 1124-1138.</blockquote>","LenComp",2017-07-12 20:14:59,"StartTime: Wed Jul 12 19:23:02 2017"
"comp_lenfit_flt5mkt0_page1.png","Length comps, whole catch, 5_ORWA_NONTWL (plot 1 of 2)","LenComp",2017-07-12 20:14:59,"StartTime: Wed Jul 12 19:23:02 2017"
"comp_lenfit_flt5mkt0_page2.png","Length comps, whole catch, 5_ORWA_NONTWL (plot 1 of 2) (plot 2 of 2)","LenComp",2017-07-12 20:14:59,"StartTime: Wed Jul 12 19:23:02 2017"
"comp_lenfit_residsflt5mkt0_page2.png","Pearson residuals, whole catch, 5_ORWA_NONTWL (max=2.57) (plot 2 of 2) <br> 
Closed bubbles are positive residuals (observed > expected) and open bubbles are negative residuals (observed < expected).","LenComp",2017-07-12 20:14:59,"StartTime: Wed Jul 12 19:23:02 2017"
"comp_lenfit_sampsize_flt5mkt0.png","N-EffN comparison, Length comps, whole catch, 5_ORWA_NONTWL","LenComp",2017-07-12 20:14:59,"StartTime: Wed Jul 12 19:23:02 2017"
"comp_lenfit_data_weighting_TA1.8_5_ORWA_NONTWL.png","Mean length for 5_ORWA_NONTWL with 95% confidence intervals based on current samples sizes.<br>Francis data weighting method TA1.8: thinner intervals (with capped ends) show result of further adjusting sample sizes based on suggested multiplier (with 95% interval) for len data from 5_ORWA_NONTWL:<br>0.9486 (0.6383-1.8902) <br><br>For more info, see<br> <blockquote>Francis, R.I.C.C. (2011). Data weighting in statistical fisheries stock assessment models. <i>Can. J. Fish. Aquat. Sci.</i> 68: 1124-1138.</blockquote>","LenComp",2017-07-12 20:14:59,"StartTime: Wed Jul 12 19:23:02 2017"
"comp_lenfit_flt6mkt0_page1.png","Length comps, whole catch, 6_OR_REC (plot 1 of 3)","LenComp",2017-07-12 20:14:59,"StartTime: Wed Jul 12 19:23:02 2017"
"comp_lenfit_flt6mkt0_page2.png","Length comps, whole catch, 6_OR_REC (plot 1 of 3) (plot 2 of 3)","LenComp",2017-07-12 20:14:59,"StartTime: Wed Jul 12 19:23:02 2017"
"comp_lenfit_flt6mkt0_page3.png","Length comps, whole catch, 6_OR_REC (plot 1 of 3) (plot 2 of 3) (plot 3 of 3)","LenComp",2017-07-12 20:14:59,"StartTime: Wed Jul 12 19:23:02 2017"
"comp_lenfit_residsflt6mkt0_page3.png","Pearson residuals, whole catch, 6_OR_REC (max=5.05) (plot 3 of 3) <br> 
Closed bubbles are positive residuals (observed > expected) and open bubbles are negative residuals (observed < expected).","LenComp",2017-07-12 20:14:59,"StartTime: Wed Jul 12 19:23:02 2017"
"comp_lenfit_sampsize_flt6mkt0.png","N-EffN comparison, Length comps, whole catch, 6_OR_REC","LenComp",2017-07-12 20:14:59,"StartTime: Wed Jul 12 19:23:02 2017"
"comp_lenfit_data_weighting_TA1.8_6_OR_REC.png","Mean length for 6_OR_REC with 95% confidence intervals based on current samples sizes.<br>Francis data weighting method TA1.8: thinner intervals (with capped ends) show result of further adjusting sample sizes based on suggested multiplier (with 95% interval) for len data from 6_OR_REC:<br>1.0476 (0.7859-1.6621) <br><br>For more info, see<br> <blockquote>Francis, R.I.C.C. (2011). Data weighting in statistical fisheries stock assessment models. <i>Can. J. Fish. Aquat. Sci.</i> 68: 1124-1138.</blockquote>","LenComp",2017-07-12 20:14:59,"StartTime: Wed Jul 12 19:23:02 2017"
"comp_lenfit_flt7mkt0_page1.png","Length comps, whole catch, 7_WA_REC (plot 1 of 2)","LenComp",2017-07-12 20:14:59,"StartTime: Wed Jul 12 19:23:02 2017"
"comp_lenfit_flt7mkt0_page2.png","Length comps, whole catch, 7_WA_REC (plot 1 of 2) (plot 2 of 2)","LenComp",2017-07-12 20:14:59,"StartTime: Wed Jul 12 19:23:02 2017"
"comp_lenfit_residsflt7mkt0_page2.png","Pearson residuals, whole catch, 7_WA_REC (max=20.49) (plot 2 of 2) <br> 
Closed bubbles are positive residuals (observed > expected) and open bubbles are negative residuals (observed < expected).","LenComp",2017-07-12 20:14:59,"StartTime: Wed Jul 12 19:23:02 2017"
"comp_lenfit_sampsize_flt7mkt0.png","N-EffN comparison, Length comps, whole catch, 7_WA_REC","LenComp",2017-07-12 20:14:59,"StartTime: Wed Jul 12 19:23:02 2017"
"comp_lenfit_data_weighting_TA1.8_7_WA_REC.png","Mean length for 7_WA_REC with 95% confidence intervals based on current samples sizes.<br>Francis data weighting method TA1.8: thinner intervals (with capped ends) show result of further adjusting sample sizes based on suggested multiplier (with 95% interval) for len data from 7_WA_REC:<br>0.9455 (0.6983-1.5719) <br><br>For more info, see<br> <blockquote>Francis, R.I.C.C. (2011). Data weighting in statistical fisheries stock assessment models. <i>Can. J. Fish. Aquat. Sci.</i> 68: 1124-1138.</blockquote>","LenComp",2017-07-12 20:14:59,"StartTime: Wed Jul 12 19:23:02 2017"
"comp_lenfit_flt8mkt0_page1.png","Length comps, whole catch, 8_CACPFV (plot 1 of 2)","LenComp",2017-07-12 20:14:59,"StartTime: Wed Jul 12 19:23:02 2017"
"comp_lenfit_flt8mkt0_page2.png","Length comps, whole catch, 8_CACPFV (plot 1 of 2) (plot 2 of 2)","LenComp",2017-07-12 20:14:59,"StartTime: Wed Jul 12 19:23:02 2017"
"comp_lenfit_residsflt8mkt0_page2.png","Pearson residuals, whole catch, 8_CACPFV (max=4.8) (plot 2 of 2) <br> 
Closed bubbles are positive residuals (observed > expected) and open bubbles are negative residuals (observed < expected).","LenComp",2017-07-12 20:14:59,"StartTime: Wed Jul 12 19:23:02 2017"
"comp_lenfit_sampsize_flt8mkt0.png","N-EffN comparison, Length comps, whole catch, 8_CACPFV","LenComp",2017-07-12 20:14:59,"StartTime: Wed Jul 12 19:23:02 2017"
"comp_lenfit_data_weighting_TA1.8_8_CACPFV.png","Mean length for 8_CACPFV with 95% confidence intervals based on current samples sizes.<br>Francis data weighting method TA1.8: thinner intervals (with capped ends) show result of further adjusting sample sizes based on suggested multiplier (with 95% interval) for len data from 8_CACPFV:<br>0.9769 (0.6011-1.9013) <br><br>For more info, see<br> <blockquote>Francis, R.I.C.C. (2011). Data weighting in statistical fisheries stock assessment models. <i>Can. J. Fish. Aquat. Sci.</i> 68: 1124-1138.</blockquote>","LenComp",2017-07-12 20:14:59,"StartTime: Wed Jul 12 19:23:02 2017"
"comp_lenfit_flt9mkt0.png","Length comps, whole catch, 9_OR_RECOB","LenComp",2017-07-12 20:14:59,"StartTime: Wed Jul 12 19:23:02 2017"
"comp_lenfit_residsflt9mkt0.png","Pearson residuals, whole catch, 9_OR_RECOB (max=4.33) <br> 
Closed bubbles are positive residuals (observed > expected) and open bubbles are negative residuals (observed < expected).","LenComp",2017-07-12 20:14:59,"StartTime: Wed Jul 12 19:23:02 2017"
"comp_lenfit_sampsize_flt9mkt0.png","N-EffN comparison, Length comps, whole catch, 9_OR_RECOB","LenComp",2017-07-12 20:14:59,"StartTime: Wed Jul 12 19:23:02 2017"
"comp_lenfit_data_weighting_TA1.8_9_OR_RECOB.png","Mean length for 9_OR_RECOB with 95% confidence intervals based on current samples sizes.<br>Francis data weighting method TA1.8: thinner intervals (with capped ends) show result of further adjusting sample sizes based on suggested multiplier (with 95% interval) for len data from 9_OR_RECOB:<br>0.9975 (0.6755-2.2131) <br><br>For more info, see<br> <blockquote>Francis, R.I.C.C. (2011). Data weighting in statistical fisheries stock assessment models. <i>Can. J. Fish. Aquat. Sci.</i> 68: 1124-1138.</blockquote>","LenComp",2017-07-12 20:14:59,"StartTime: Wed Jul 12 19:23:02 2017"
"comp_lenfit_flt10mkt0.png","Length comps, whole catch, 10_TRI_ORWA","LenComp",2017-07-12 20:14:59,"StartTime: Wed Jul 12 19:23:02 2017"
"comp_lenfit_residsflt10mkt0.png","Pearson residuals, whole catch, 10_TRI_ORWA (max=5.01) <br> 
Closed bubbles are positive residuals (observed > expected) and open bubbles are negative residuals (observed < expected).","LenComp",2017-07-12 20:14:59,"StartTime: Wed Jul 12 19:23:02 2017"
"comp_lenfit_sampsize_flt10mkt0.png","N-EffN comparison, Length comps, whole catch, 10_TRI_ORWA","LenComp",2017-07-12 20:14:59,"StartTime: Wed Jul 12 19:23:02 2017"
"comp_lenfit_data_weighting_TA1.8_10_TRI_ORWA.png","Mean length for 10_TRI_ORWA with 95% confidence intervals based on current samples sizes.<br>Francis data weighting method TA1.8: thinner intervals (with capped ends) show result of further adjusting sample sizes based on suggested multiplier (with 95% interval) for len data from 10_TRI_ORWA:<br>1.0143 (0.527-25.7515) <br><br>For more info, see<br> <blockquote>Francis, R.I.C.C. (2011). Data weighting in statistical fisheries stock assessment models. <i>Can. J. Fish. Aquat. Sci.</i> 68: 1124-1138.</blockquote>","LenComp",2017-07-12 20:14:59,"StartTime: Wed Jul 12 19:23:02 2017"
"comp_lenfit_flt11mkt0.png","Length comps, whole catch, 11_NWFSC_ORWA","LenComp",2017-07-12 20:14:59,"StartTime: Wed Jul 12 19:23:02 2017"
"comp_lenfit_residsflt11mkt0.png","Pearson residuals, whole catch, 11_NWFSC_ORWA (max=3.22) <br> 
Closed bubbles are positive residuals (observed > expected) and open bubbles are negative residuals (observed < expected).","LenComp",2017-07-12 20:14:59,"StartTime: Wed Jul 12 19:23:02 2017"
"comp_lenfit_sampsize_flt11mkt0.png","N-EffN comparison, Length comps, whole catch, 11_NWFSC_ORWA","LenComp",2017-07-12 20:14:59,"StartTime: Wed Jul 12 19:23:02 2017"
"comp_lenfit_data_weighting_TA1.8_11_NWFSC_ORWA.png","Mean length for 11_NWFSC_ORWA with 95% confidence intervals based on current samples sizes.<br>Francis data weighting method TA1.8: thinner intervals (with capped ends) show result of further adjusting sample sizes based on suggested multiplier (with 95% interval) for len data from 11_NWFSC_ORWA:<br>0.9857 (0.4618-9.5297) <br><br>For more info, see<br> <blockquote>Francis, R.I.C.C. (2011). Data weighting in statistical fisheries stock assessment models. <i>Can. J. Fish. Aquat. Sci.</i> 68: 1124-1138.</blockquote>","LenComp",2017-07-12 20:14:59,"StartTime: Wed Jul 12 19:23:02 2017"
"comp_lenfit_flt12mkt0.png","Length comps, whole catch, 12_IPHC_ORWA","LenComp",2017-07-12 20:14:59,"StartTime: Wed Jul 12 19:23:02 2017"
"comp_lenfit_residsflt12mkt0.png","Pearson residuals, whole catch, 12_IPHC_ORWA (max=1.9) <br> 
Closed bubbles are positive residuals (observed > expected) and open bubbles are negative residuals (observed < expected).","LenComp",2017-07-12 20:14:59,"StartTime: Wed Jul 12 19:23:02 2017"
"comp_lenfit_sampsize_flt12mkt0.png","N-EffN comparison, Length comps, whole catch, 12_IPHC_ORWA","LenComp",2017-07-12 20:14:59,"StartTime: Wed Jul 12 19:23:02 2017"
"comp_lenfit_data_weighting_TA1.8_12_IPHC_ORWA.png","Mean length for 12_IPHC_ORWA with 95% confidence intervals based on current samples sizes.<br>Francis data weighting method TA1.8: thinner intervals (with capped ends) show result of further adjusting sample sizes based on suggested multiplier (with 95% interval) for len data from 12_IPHC_ORWA:<br>1.0431 (0.5614-3.9125) <br><br>For more info, see<br> <blockquote>Francis, R.I.C.C. (2011). Data weighting in statistical fisheries stock assessment models. <i>Can. J. Fish. Aquat. Sci.</i> 68: 1124-1138.</blockquote>","LenComp",2017-07-12 20:14:59,"StartTime: Wed Jul 12 19:23:02 2017"
"comp_lenfit__aggregated_across_time.png","Length comps, aggregated across time by fleet.
 <br> Labels 'retained' and 'discard' indicate discarded or retained sampled for each fleet. Panels without this designation represent the whole catch.
","LenComp",2017-07-12 20:14:59,"StartTime: Wed Jul 12 19:23:02 2017"
"comp_lenfit__page1_multi-fleet_comparison.png","Pearson residuals,  comparing across fleets (plot 1 of 3) <br> 
Closed bubbles are positive residuals (observed > expected) and open bubbles are negative residuals (observed < expected).","LenComp",2017-07-12 20:14:59,"StartTime: Wed Jul 12 19:23:02 2017"
"comp_lenfit__page2_multi-fleet_comparison.png","Pearson residuals,  comparing across fleets (plot 2 of 3)","LenComp",2017-07-12 20:14:59,"StartTime: Wed Jul 12 19:23:02 2017"
"comp_lenfit__page3_multi-fleet_comparison.png","Pearson residuals,  comparing across fleets (plot 3 of 3)","LenComp",2017-07-12 20:14:59,"StartTime: Wed Jul 12 19:23:02 2017"
"comp_gstagefit_flt2mkt0.png","Ghost age comps, whole catch, 2_CA_NONTWL","AgeComp",2017-07-12 20:14:59,"StartTime: Wed Jul 12 19:23:02 2017"
"comp_gstagefit_residsflt2mkt0.png","Pearson residuals, whole catch, 2_CA_NONTWL (max=NA) <br> 
Closed bubbles are positive residuals (observed > expected) and open bubbles are negative residuals (observed < expected).","AgeComp",2017-07-12 20:14:59,"StartTime: Wed Jul 12 19:23:02 2017"
"comp_gstagefit_flt3mkt0.png","Ghost age comps, whole catch, 3_CA_REC","AgeComp",2017-07-12 20:14:59,"StartTime: Wed Jul 12 19:23:02 2017"
"comp_gstagefit_residsflt3mkt0.png","Pearson residuals, whole catch, 3_CA_REC (max=NA) <br> 
Closed bubbles are positive residuals (observed > expected) and open bubbles are negative residuals (observed < expected).","AgeComp",2017-07-12 20:14:59,"StartTime: Wed Jul 12 19:23:02 2017"
"comp_gstagefit_flt4mkt0.png","Ghost age comps, whole catch, 4_ORWA_TWL","AgeComp",2017-07-12 20:14:59,"StartTime: Wed Jul 12 19:23:02 2017"
"comp_gstagefit_residsflt4mkt0.png","Pearson residuals, whole catch, 4_ORWA_TWL (max=NA) <br> 
Closed bubbles are positive residuals (observed > expected) and open bubbles are negative residuals (observed < expected).","AgeComp",2017-07-12 20:14:59,"StartTime: Wed Jul 12 19:23:02 2017"
"comp_gstagefit_flt5mkt0.png","Ghost age comps, whole catch, 5_ORWA_NONTWL","AgeComp",2017-07-12 20:14:59,"StartTime: Wed Jul 12 19:23:02 2017"
"comp_gstagefit_residsflt5mkt0.png","Pearson residuals, whole catch, 5_ORWA_NONTWL (max=NA) <br> 
Closed bubbles are positive residuals (observed > expected) and open bubbles are negative residuals (observed < expected).","AgeComp",2017-07-12 20:14:59,"StartTime: Wed Jul 12 19:23:02 2017"
"comp_gstagefit_flt6mkt0.png","Ghost age comps, whole catch, 6_OR_REC","AgeComp",2017-07-12 20:14:59,"StartTime: Wed Jul 12 19:23:02 2017"
"comp_gstagefit_residsflt6mkt0.png","Pearson residuals, whole catch, 6_OR_REC (max=NA) <br> 
Closed bubbles are positive residuals (observed > expected) and open bubbles are negative residuals (observed < expected).","AgeComp",2017-07-12 20:14:59,"StartTime: Wed Jul 12 19:23:02 2017"
"comp_gstagefit_flt7mkt0.png","Ghost age comps, whole catch, 7_WA_REC","AgeComp",2017-07-12 20:14:59,"StartTime: Wed Jul 12 19:23:02 2017"
"comp_gstagefit_residsflt7mkt0.png","Pearson residuals, whole catch, 7_WA_REC (max=NA) <br> 
Closed bubbles are positive residuals (observed > expected) and open bubbles are negative residuals (observed < expected).","AgeComp",2017-07-12 20:14:59,"StartTime: Wed Jul 12 19:23:02 2017"
"comp_gstagefit_flt11mkt0.png","Ghost age comps, whole catch, 11_NWFSC_ORWA","AgeComp",2017-07-12 20:14:59,"StartTime: Wed Jul 12 19:23:02 2017"
"comp_gstagefit_residsflt11mkt0.png","Pearson residuals, whole catch, 11_NWFSC_ORWA (max=NA) <br> 
Closed bubbles are positive residuals (observed > expected) and open bubbles are negative residuals (observed < expected).","AgeComp",2017-07-12 20:14:59,"StartTime: Wed Jul 12 19:23:02 2017"
"comp_gstagefit_flt12mkt0.png","Ghost age comps, whole catch, 12_IPHC_ORWA","AgeComp",2017-07-12 20:14:59,"StartTime: Wed Jul 12 19:23:02 2017"
"comp_gstagefit_residsflt12mkt0.png","Pearson residuals, whole catch, 12_IPHC_ORWA (max=NA) <br> 
Closed bubbles are positive residuals (observed > expected) and open bubbles are negative residuals (observed < expected).","AgeComp",2017-07-12 20:14:59,"StartTime: Wed Jul 12 19:23:02 2017"
"comp_condAALfit_residsflt2mkt0_page1.png","Pearson residuals, whole catch, 2_CA_NONTWL (max=16.57) (plot 1 of 2)","A@LComp",2017-07-12 20:14:59,"StartTime: Wed Jul 12 19:23:02 2017"
"comp_condAALfit_residsflt2mkt0_page2.png","Pearson residuals, whole catch, 2_CA_NONTWL (max=16.57) (plot 1 of 2) (plot 2 of 2)","A@LComp",2017-07-12 20:14:59,"StartTime: Wed Jul 12 19:23:02 2017"
"comp_condAALfit_residsflt3mkt0_page1.png","Pearson residuals, whole catch, 3_CA_REC (max=33.11) (plot 1 of 2)","A@LComp",2017-07-12 20:14:59,"StartTime: Wed Jul 12 19:23:02 2017"
"comp_condAALfit_residsflt3mkt0_page2.png","Pearson residuals, whole catch, 3_CA_REC (max=33.11) (plot 1 of 2) (plot 2 of 2)","A@LComp",2017-07-12 20:14:59,"StartTime: Wed Jul 12 19:23:02 2017"
"comp_condAALfit_residsflt4mkt0_page1.png","Pearson residuals, whole catch, 4_ORWA_TWL (max=24.16) (plot 1 of 2)","A@LComp",2017-07-12 20:14:59,"StartTime: Wed Jul 12 19:23:02 2017"
"comp_condAALfit_residsflt4mkt0_page2.png","Pearson residuals, whole catch, 4_ORWA_TWL (max=24.16) (plot 1 of 2) (plot 2 of 2)","A@LComp",2017-07-12 20:14:59,"StartTime: Wed Jul 12 19:23:02 2017"
"comp_condAALfit_residsflt5mkt0_page1.png","Pearson residuals, whole catch, 5_ORWA_NONTWL (max=11.86) (plot 1 of 2)","A@LComp",2017-07-12 20:14:59,"StartTime: Wed Jul 12 19:23:02 2017"
"comp_condAALfit_residsflt5mkt0_page2.png","Pearson residuals, whole catch, 5_ORWA_NONTWL (max=11.86) (plot 1 of 2) (plot 2 of 2)","A@LComp",2017-07-12 20:14:59,"StartTime: Wed Jul 12 19:23:02 2017"
"comp_condAALfit_residsflt6mkt0_page1.png","Pearson residuals, whole catch, 6_OR_REC (max=26.05) (plot 1 of 3)","A@LComp",2017-07-12 20:14:59,"StartTime: Wed Jul 12 19:23:02 2017"
"comp_condAALfit_residsflt6mkt0_page2.png","Pearson residuals, whole catch, 6_OR_REC (max=26.05) (plot 1 of 3) (plot 2 of 3)","A@LComp",2017-07-12 20:14:59,"StartTime: Wed Jul 12 19:23:02 2017"
"comp_condAALfit_residsflt6mkt0_page3.png","Pearson residuals, whole catch, 6_OR_REC (max=26.05) (plot 1 of 3) (plot 2 of 3) (plot 3 of 3)","A@LComp",2017-07-12 20:14:59,"StartTime: Wed Jul 12 19:23:02 2017"
"comp_condAALfit_residsflt7mkt0_page1.png","Pearson residuals, whole catch, 7_WA_REC (max=23.64) (plot 1 of 2)","A@LComp",2017-07-12 20:14:59,"StartTime: Wed Jul 12 19:23:02 2017"
"comp_condAALfit_residsflt7mkt0_page2.png","Pearson residuals, whole catch, 7_WA_REC (max=23.64) (plot 1 of 2) (plot 2 of 2)","A@LComp",2017-07-12 20:14:59,"StartTime: Wed Jul 12 19:23:02 2017"
"comp_condAALfit_residsflt11mkt0_page1.png","Pearson residuals, whole catch, 11_NWFSC_ORWA (max=21.66) (plot 1 of 2)","A@LComp",2017-07-12 20:14:59,"StartTime: Wed Jul 12 19:23:02 2017"
"comp_condAALfit_residsflt11mkt0_page2.png","Pearson residuals, whole catch, 11_NWFSC_ORWA (max=21.66) (plot 1 of 2) (plot 2 of 2)","A@LComp",2017-07-12 20:14:59,"StartTime: Wed Jul 12 19:23:02 2017"
"comp_condAALfit_residsflt12mkt0_page1.png","Pearson residuals, whole catch, 12_IPHC_ORWA (max=6.68) (plot 1 of 2)","A@LComp",2017-07-12 20:14:59,"StartTime: Wed Jul 12 19:23:02 2017"
"comp_condAALfit_residsflt12mkt0_page2.png","Pearson residuals, whole catch, 12_IPHC_ORWA (max=6.68) (plot 1 of 2) (plot 2 of 2)","A@LComp",2017-07-12 20:14:59,"StartTime: Wed Jul 12 19:23:02 2017"
"comp_condAALfit_data_weighting_TA1.8_condAge2_CA_NONTWL.png","Mean age from conditional data (aggregated across length bins) for 2_CA_NONTWL with 95% confidence intervals  based on current samples sizes.<br>Francis data weighting method TA1.8: thinner intervals (with capped ends) show result of further adjusting sample sizes based on suggested multiplier (with 95% interval) for conditional age-at-length data from 2_CA_NONTWL:<br>0.998 (0.5314-9.9635) <br><br>For more info, see<br> <blockquote>Francis, R.I.C.C. (2011). Data weighting in statistical fisheries stock assessment models. <i>Can. J. Fish. Aquat. Sci.</i> 68: 1124-1138.</blockquote>","A@LComp",2017-07-12 20:14:59,"StartTime: Wed Jul 12 19:23:02 2017"
"comp_condAALfit_Andre_plotsflt2mkt0_page1.png","Conditional AAL plot, whole catch, 2_CA_NONTWL (plot 1 of 4)
These plots show mean age and std. dev. in conditional A@L.<br>Left plots are mean A@L by size-class (obs. and pred.) with 90% CIs based on adding 1.64 SE of mean to the data.<br>Right plots in each pair are SE of mean A@L (obs. and pred.) with 90% CIs based on the chi-square distribution.","A@LComp",2017-07-12 20:14:59,"StartTime: Wed Jul 12 19:23:02 2017"
"comp_condAALfit_Andre_plotsflt2mkt0_page2.png","Conditional AAL plot, whole catch, 2_CA_NONTWL (plot 2 of 4)","A@LComp",2017-07-12 20:14:59,"StartTime: Wed Jul 12 19:23:02 2017"
"comp_condAALfit_Andre_plotsflt2mkt0_page3.png","Conditional AAL plot, whole catch, 2_CA_NONTWL (plot 3 of 4)","A@LComp",2017-07-12 20:14:59,"StartTime: Wed Jul 12 19:23:02 2017"
"comp_condAALfit_Andre_plotsflt2mkt0_page4.png","Conditional AAL plot, whole catch, 2_CA_NONTWL (plot 4 of 4)","A@LComp",2017-07-12 20:14:59,"StartTime: Wed Jul 12 19:23:02 2017"
"comp_condAALfit_data_weighting_TA1.8_condAge3_CA_REC.png","Mean age from conditional data (aggregated across length bins) for 3_CA_REC with 95% confidence intervals  based on current samples sizes.<br>Francis data weighting method TA1.8: thinner intervals (with capped ends) show result of further adjusting sample sizes based on suggested multiplier (with 95% interval) for conditional age-at-length data from 3_CA_REC:<br>0.9742 (0.6883-2.1336) <br><br>For more info, see<br> <blockquote>Francis, R.I.C.C. (2011). Data weighting in statistical fisheries stock assessment models. <i>Can. J. Fish. Aquat. Sci.</i> 68: 1124-1138.</blockquote>","A@LComp",2017-07-12 20:14:59,"StartTime: Wed Jul 12 19:23:02 2017"
"comp_condAALfit_Andre_plotsflt3mkt0_page1.png","Conditional AAL plot, whole catch, 3_CA_REC (plot 1 of 6)
These plots show mean age and std. dev. in conditional A@L.<br>Left plots are mean A@L by size-class (obs. and pred.) with 90% CIs based on adding 1.64 SE of mean to the data.<br>Right plots in each pair are SE of mean A@L (obs. and pred.) with 90% CIs based on the chi-square distribution.","A@LComp",2017-07-12 20:14:59,"StartTime: Wed Jul 12 19:23:02 2017"
"comp_condAALfit_Andre_plotsflt3mkt0_page2.png","Conditional AAL plot, whole catch, 3_CA_REC (plot 2 of 6)","A@LComp",2017-07-12 20:14:59,"StartTime: Wed Jul 12 19:23:02 2017"
"comp_condAALfit_Andre_plotsflt3mkt0_page3.png","Conditional AAL plot, whole catch, 3_CA_REC (plot 3 of 6)","A@LComp",2017-07-12 20:14:59,"StartTime: Wed Jul 12 19:23:02 2017"
"comp_condAALfit_Andre_plotsflt3mkt0_page4.png","Conditional AAL plot, whole catch, 3_CA_REC (plot 4 of 6)","A@LComp",2017-07-12 20:14:59,"StartTime: Wed Jul 12 19:23:02 2017"
"comp_condAALfit_Andre_plotsflt3mkt0_page5.png","Conditional AAL plot, whole catch, 3_CA_REC (plot 5 of 6)","A@LComp",2017-07-12 20:14:59,"StartTime: Wed Jul 12 19:23:02 2017"
"comp_condAALfit_Andre_plotsflt3mkt0_page6.png","Conditional AAL plot, whole catch, 3_CA_REC (plot 6 of 6)","A@LComp",2017-07-12 20:14:59,"StartTime: Wed Jul 12 19:23:02 2017"
"comp_condAALfit_data_weighting_TA1.8_condAge4_ORWA_TWL.png","Mean age from conditional data (aggregated across length bins) for 4_ORWA_TWL with 95% confidence intervals  based on current samples sizes.<br>Francis data weighting method TA1.8: thinner intervals (with capped ends) show result of further adjusting sample sizes based on suggested multiplier (with 95% interval) for conditional age-at-length data from 4_ORWA_TWL:<br>0.9978 (0.571-3.3234) <br><br>For more info, see<br> <blockquote>Francis, R.I.C.C. (2011). Data weighting in statistical fisheries stock assessment models. <i>Can. J. Fish. Aquat. Sci.</i> 68: 1124-1138.</blockquote>","A@LComp",2017-07-12 20:14:59,"StartTime: Wed Jul 12 19:23:02 2017"
"comp_condAALfit_Andre_plotsflt4mkt0_page1.png","Conditional AAL plot, whole catch, 4_ORWA_TWL (plot 1 of 5)
These plots show mean age and std. dev. in conditional A@L.<br>Left plots are mean A@L by size-class (obs. and pred.) with 90% CIs based on adding 1.64 SE of mean to the data.<br>Right plots in each pair are SE of mean A@L (obs. and pred.) with 90% CIs based on the chi-square distribution.","A@LComp",2017-07-12 20:14:59,"StartTime: Wed Jul 12 19:23:02 2017"
"comp_condAALfit_Andre_plotsflt4mkt0_page2.png","Conditional AAL plot, whole catch, 4_ORWA_TWL (plot 2 of 5)","A@LComp",2017-07-12 20:14:59,"StartTime: Wed Jul 12 19:23:02 2017"
"comp_condAALfit_Andre_plotsflt4mkt0_page3.png","Conditional AAL plot, whole catch, 4_ORWA_TWL (plot 3 of 5)","A@LComp",2017-07-12 20:14:59,"StartTime: Wed Jul 12 19:23:02 2017"
"comp_condAALfit_Andre_plotsflt4mkt0_page4.png","Conditional AAL plot, whole catch, 4_ORWA_TWL (plot 4 of 5)","A@LComp",2017-07-12 20:14:59,"StartTime: Wed Jul 12 19:23:02 2017"
"comp_condAALfit_Andre_plotsflt4mkt0_page5.png","Conditional AAL plot, whole catch, 4_ORWA_TWL (plot 5 of 5)","A@LComp",2017-07-12 20:14:59,"StartTime: Wed Jul 12 19:23:02 2017"
"comp_condAALfit_data_weighting_TA1.8_condAge5_ORWA_NONTWL.png","Mean age from conditional data (aggregated across length bins) for 5_ORWA_NONTWL with 95% confidence intervals  based on current samples sizes.<br>Francis data weighting method TA1.8: thinner intervals (with capped ends) show result of further adjusting sample sizes based on suggested multiplier (with 95% interval) for conditional age-at-length data from 5_ORWA_NONTWL:<br>0.9895 (0.6185-2.8116) <br><br>For more info, see<br> <blockquote>Francis, R.I.C.C. (2011). Data weighting in statistical fisheries stock assessment models. <i>Can. J. Fish. Aquat. Sci.</i> 68: 1124-1138.</blockquote>","A@LComp",2017-07-12 20:14:59,"StartTime: Wed Jul 12 19:23:02 2017"
"comp_condAALfit_Andre_plotsflt5mkt0_page1.png","Conditional AAL plot, whole catch, 5_ORWA_NONTWL (plot 1 of 5)
These plots show mean age and std. dev. in conditional A@L.<br>Left plots are mean A@L by size-class (obs. and pred.) with 90% CIs based on adding 1.64 SE of mean to the data.<br>Right plots in each pair are SE of mean A@L (obs. and pred.) with 90% CIs based on the chi-square distribution.","A@LComp",2017-07-12 20:14:59,"StartTime: Wed Jul 12 19:23:02 2017"
"comp_condAALfit_Andre_plotsflt5mkt0_page2.png","Conditional AAL plot, whole catch, 5_ORWA_NONTWL (plot 2 of 5)","A@LComp",2017-07-12 20:14:59,"StartTime: Wed Jul 12 19:23:02 2017"
"comp_condAALfit_Andre_plotsflt5mkt0_page3.png","Conditional AAL plot, whole catch, 5_ORWA_NONTWL (plot 3 of 5)","A@LComp",2017-07-12 20:14:59,"StartTime: Wed Jul 12 19:23:02 2017"
"comp_condAALfit_Andre_plotsflt5mkt0_page4.png","Conditional AAL plot, whole catch, 5_ORWA_NONTWL (plot 4 of 5)","A@LComp",2017-07-12 20:14:59,"StartTime: Wed Jul 12 19:23:02 2017"
"comp_condAALfit_Andre_plotsflt5mkt0_page5.png","Conditional AAL plot, whole catch, 5_ORWA_NONTWL (plot 5 of 5)","A@LComp",2017-07-12 20:14:59,"StartTime: Wed Jul 12 19:23:02 2017"
"comp_condAALfit_data_weighting_TA1.8_condAge6_OR_REC.png","Mean age from conditional data (aggregated across length bins) for 6_OR_REC with 95% confidence intervals  based on current samples sizes.<br>Francis data weighting method TA1.8: thinner intervals (with capped ends) show result of further adjusting sample sizes based on suggested multiplier (with 95% interval) for conditional age-at-length data from 6_OR_REC:<br>1.0339 (0.6127-2.774) <br><br>For more info, see<br> <blockquote>Francis, R.I.C.C. (2011). Data weighting in statistical fisheries stock assessment models. <i>Can. J. Fish. Aquat. Sci.</i> 68: 1124-1138.</blockquote>","A@LComp",2017-07-12 20:14:59,"StartTime: Wed Jul 12 19:23:02 2017"
"comp_condAALfit_Andre_plotsflt6mkt0_page1.png","Conditional AAL plot, whole catch, 6_OR_REC (plot 1 of 6)
These plots show mean age and std. dev. in conditional A@L.<br>Left plots are mean A@L by size-class (obs. and pred.) with 90% CIs based on adding 1.64 SE of mean to the data.<br>Right plots in each pair are SE of mean A@L (obs. and pred.) with 90% CIs based on the chi-square distribution.","A@LComp",2017-07-12 20:14:59,"StartTime: Wed Jul 12 19:23:02 2017"
"comp_condAALfit_Andre_plotsflt6mkt0_page2.png","Conditional AAL plot, whole catch, 6_OR_REC (plot 2 of 6)","A@LComp",2017-07-12 20:14:59,"StartTime: Wed Jul 12 19:23:02 2017"
"comp_condAALfit_Andre_plotsflt6mkt0_page3.png","Conditional AAL plot, whole catch, 6_OR_REC (plot 3 of 6)","A@LComp",2017-07-12 20:14:59,"StartTime: Wed Jul 12 19:23:02 2017"
"comp_condAALfit_Andre_plotsflt6mkt0_page4.png","Conditional AAL plot, whole catch, 6_OR_REC (plot 4 of 6)","A@LComp",2017-07-12 20:14:59,"StartTime: Wed Jul 12 19:23:02 2017"
"comp_condAALfit_Andre_plotsflt6mkt0_page5.png","Conditional AAL plot, whole catch, 6_OR_REC (plot 5 of 6)","A@LComp",2017-07-12 20:14:59,"StartTime: Wed Jul 12 19:23:02 2017"
"comp_condAALfit_Andre_plotsflt6mkt0_page6.png","Conditional AAL plot, whole catch, 6_OR_REC (plot 6 of 6)","A@LComp",2017-07-12 20:14:59,"StartTime: Wed Jul 12 19:23:02 2017"
"comp_condAALfit_data_weighting_TA1.8_condAge7_WA_REC.png","Mean age from conditional data (aggregated across length bins) for 7_WA_REC with 95% confidence intervals  based on current samples sizes.<br>Francis data weighting method TA1.8: thinner intervals (with capped ends) show result of further adjusting sample sizes based on suggested multiplier (with 95% interval) for conditional age-at-length data from 7_WA_REC:<br>1.2229 (0.638-13.6346) <br><br>For more info, see<br> <blockquote>Francis, R.I.C.C. (2011). Data weighting in statistical fisheries stock assessment models. <i>Can. J. Fish. Aquat. Sci.</i> 68: 1124-1138.</blockquote>","A@LComp",2017-07-12 20:14:59,"StartTime: Wed Jul 12 19:23:02 2017"
"comp_condAALfit_Andre_plotsflt7mkt0_page1.png","Conditional AAL plot, whole catch, 7_WA_REC (plot 1 of 4)
These plots show mean age and std. dev. in conditional A@L.<br>Left plots are mean A@L by size-class (obs. and pred.) with 90% CIs based on adding 1.64 SE of mean to the data.<br>Right plots in each pair are SE of mean A@L (obs. and pred.) with 90% CIs based on the chi-square distribution.","A@LComp",2017-07-12 20:14:59,"StartTime: Wed Jul 12 19:23:02 2017"
"comp_condAALfit_Andre_plotsflt7mkt0_page2.png","Conditional AAL plot, whole catch, 7_WA_REC (plot 2 of 4)","A@LComp",2017-07-12 20:14:59,"StartTime: Wed Jul 12 19:23:02 2017"
"comp_condAALfit_Andre_plotsflt7mkt0_page3.png","Conditional AAL plot, whole catch, 7_WA_REC (plot 3 of 4)","A@LComp",2017-07-12 20:14:59,"StartTime: Wed Jul 12 19:23:02 2017"
"comp_condAALfit_Andre_plotsflt7mkt0_page4.png","Conditional AAL plot, whole catch, 7_WA_REC (plot 4 of 4)","A@LComp",2017-07-12 20:14:59,"StartTime: Wed Jul 12 19:23:02 2017"
"comp_condAALfit_data_weighting_TA1.8_condAge11_NWFSC_ORWA.png","Mean age from conditional data (aggregated across length bins) for 11_NWFSC_ORWA with 95% confidence intervals  based on current samples sizes.<br>Francis data weighting method TA1.8: thinner intervals (with capped ends) show result of further adjusting sample sizes based on suggested multiplier (with 95% interval) for conditional age-at-length data from 11_NWFSC_ORWA:<br>2.0051 (1.392-4.7704) <br><br>For more info, see<br> <blockquote>Francis, R.I.C.C. (2011). Data weighting in statistical fisheries stock assessment models. <i>Can. J. Fish. Aquat. Sci.</i> 68: 1124-1138.</blockquote>","A@LComp",2017-07-12 20:14:59,"StartTime: Wed Jul 12 19:23:02 2017"
"comp_condAALfit_Andre_plotsflt11mkt0_page1.png","Conditional AAL plot, whole catch, 11_NWFSC_ORWA (plot 1 of 5)
These plots show mean age and std. dev. in conditional A@L.<br>Left plots are mean A@L by size-class (obs. and pred.) with 90% CIs based on adding 1.64 SE of mean to the data.<br>Right plots in each pair are SE of mean A@L (obs. and pred.) with 90% CIs based on the chi-square distribution.","A@LComp",2017-07-12 20:14:59,"StartTime: Wed Jul 12 19:23:02 2017"
"comp_condAALfit_Andre_plotsflt11mkt0_page2.png","Conditional AAL plot, whole catch, 11_NWFSC_ORWA (plot 2 of 5)","A@LComp",2017-07-12 20:14:59,"StartTime: Wed Jul 12 19:23:02 2017"
"comp_condAALfit_Andre_plotsflt11mkt0_page3.png","Conditional AAL plot, whole catch, 11_NWFSC_ORWA (plot 3 of 5)","A@LComp",2017-07-12 20:14:59,"StartTime: Wed Jul 12 19:23:02 2017"
"comp_condAALfit_Andre_plotsflt11mkt0_page4.png","Conditional AAL plot, whole catch, 11_NWFSC_ORWA (plot 4 of 5)","A@LComp",2017-07-12 20:14:59,"StartTime: Wed Jul 12 19:23:02 2017"
"comp_condAALfit_Andre_plotsflt11mkt0_page5.png","Conditional AAL plot, whole catch, 11_NWFSC_ORWA (plot 5 of 5)","A@LComp",2017-07-12 20:14:59,"StartTime: Wed Jul 12 19:23:02 2017"
"comp_condAALfit_data_weighting_TA1.8_condAge12_IPHC_ORWA.png","Mean age from conditional data (aggregated across length bins) for 12_IPHC_ORWA with 95% confidence intervals  based on current samples sizes.<br>Francis data weighting method TA1.8: thinner intervals (with capped ends) show result of further adjusting sample sizes based on suggested multiplier (with 95% interval) for conditional age-at-length data from 12_IPHC_ORWA:<br>0.9928 (0.6829-2.1777) <br><br>For more info, see<br> <blockquote>Francis, R.I.C.C. (2011). Data weighting in statistical fisheries stock assessment models. <i>Can. J. Fish. Aquat. Sci.</i> 68: 1124-1138.</blockquote>","A@LComp",2017-07-12 20:14:59,"StartTime: Wed Jul 12 19:23:02 2017"
"comp_condAALfit_Andre_plotsflt12mkt0_page1.png","Conditional AAL plot, whole catch, 12_IPHC_ORWA (plot 1 of 5)
These plots show mean age and std. dev. in conditional A@L.<br>Left plots are mean A@L by size-class (obs. and pred.) with 90% CIs based on adding 1.64 SE of mean to the data.<br>Right plots in each pair are SE of mean A@L (obs. and pred.) with 90% CIs based on the chi-square distribution.","A@LComp",2017-07-12 20:14:59,"StartTime: Wed Jul 12 19:23:02 2017"
"comp_condAALfit_Andre_plotsflt12mkt0_page2.png","Conditional AAL plot, whole catch, 12_IPHC_ORWA (plot 2 of 5)","A@LComp",2017-07-12 20:14:59,"StartTime: Wed Jul 12 19:23:02 2017"
"comp_condAALfit_Andre_plotsflt12mkt0_page3.png","Conditional AAL plot, whole catch, 12_IPHC_ORWA (plot 3 of 5)","A@LComp",2017-07-12 20:14:59,"StartTime: Wed Jul 12 19:23:02 2017"
"comp_condAALfit_Andre_plotsflt12mkt0_page4.png","Conditional AAL plot, whole catch, 12_IPHC_ORWA (plot 4 of 5)","A@LComp",2017-07-12 20:14:59,"StartTime: Wed Jul 12 19:23:02 2017"
"comp_condAALfit_Andre_plotsflt12mkt0_page5.png","Conditional AAL plot, whole catch, 12_IPHC_ORWA (plot 5 of 5)","A@LComp",2017-07-12 20:14:59,"StartTime: Wed Jul 12 19:23:02 2017"
"yield1_yield_curve.png","Yield curve","Yield",2017-07-12 20:14:59,"StartTime: Wed Jul 12 19:23:02 2017"
"yield2_Hilborn_surplus_production.png","Surplus production plot. For interpretation, see<br> <blockquote>Walters, Hilborn, and  Christensen, 2008, Surplus production dynamics in declining and recovering fish populations. <i>Can. J. Fish. Aquat. Sci.</i> 65: 2536-2551.</blockquote>","Yield",2017-07-12 20:14:59,"StartTime: Wed Jul 12 19:23:02 2017"
"data_plot.png","Data presence by year for each fleet","Data",2017-07-12 20:14:59,"StartTime: Wed Jul 12 19:23:02 2017"
"data_plot2.png","Data presence by year for each fleet, where circle area is relative <br>  within a data type, and proportional to precision for indices and compositions, <br>  and absolute catch for catches.<br>  Note that since the circles are are scaled relative to maximum,<br>  scaling within separate plots should not be compared.","Data",2017-07-12 20:14:59,"StartTime: Wed Jul 12 19:23:02 2017"
