"file","caption","alt_text","category","png_time","StartTime"
"bio1_sizeatage.png","Length at age in the beginning of the year (or season) in the ending year of the model. Shaded area indicates 95% distribution of length at age around estimated growth curve.",NA,"Bio",2025-01-10 11:22:20.369488,"StartTime: Fri Jan 10 11:11:36 2025"
"bio2_sizeatage_plus_CV_and_SD.png","Length at age (top-left panel) with CV (thick line) and SD (thin line) of length at age shown in top-right and lower-left panels",NA,"Bio",2025-01-10 11:22:20.369488,"StartTime: Fri Jan 10 11:11:36 2025"
"bio3_sizeatage_plus_WT_and_MAT.png","Length at age (top-left panel) with weight (thick line) and maturity (thin line) shown in top-right and lower-left panels",NA,"Bio",2025-01-10 11:22:20.369488,"StartTime: Fri Jan 10 11:11:36 2025"
"bio1B_len_at_age_matrix_1.png","Distribution of length at age for seas: 1 sub_seas: 1 morph: 1",NA,"Bio",2025-01-10 11:22:20.369488,"StartTime: Fri Jan 10 11:11:36 2025"
"bio1B_len_at_age_matrix_2.png","Distribution of length at age for seas: 1 sub_seas: 1 morph: 2",NA,"Bio",2025-01-10 11:22:20.369488,"StartTime: Fri Jan 10 11:11:36 2025"
"bio1B_len_at_age_matrix_3.png","Distribution of length at age for seas: 1 sub_seas: 2 morph: 1",NA,"Bio",2025-01-10 11:22:20.369488,"StartTime: Fri Jan 10 11:11:36 2025"
"bio1B_len_at_age_matrix_4.png","Distribution of length at age for seas: 1 sub_seas: 2 morph: 2",NA,"Bio",2025-01-10 11:22:20.369488,"StartTime: Fri Jan 10 11:11:36 2025"
"bio5_weightatsize.png","Weight-length relationship",NA,"Bio",2025-01-10 11:22:20.369488,"StartTime: Fri Jan 10 11:11:36 2025"
"bio6_maturity.png","Maturity at age",NA,"Bio",2025-01-10 11:22:20.369488,"StartTime: Fri Jan 10 11:11:36 2025"
"bio7_fecundity.png","Fecundity",NA,"Bio",2025-01-10 11:22:20.369488,"StartTime: Fri Jan 10 11:11:36 2025"
"bio8_fecundity_wt.png","Fecundity as a function of weight",NA,"Bio",2025-01-10 11:22:20.369488,"StartTime: Fri Jan 10 11:11:36 2025"
"bio9_fecundity_len.png","Fecundity as a function of length",NA,"Bio",2025-01-10 11:22:20.369488,"StartTime: Fri Jan 10 11:11:36 2025"
"bio10_spawningoutput_len.png","Spawning output at length. This is the product of maturity and fecundity unless maturity is age-based, in which case only fecundity is represented.",NA,"Bio",2025-01-10 11:22:20.369488,"StartTime: Fri Jan 10 11:11:36 2025"
"bio11_spawningoutput_age.png","Spawning output at age. This is the product of maturity and fecundity. When these processes are length-based they are converted into the age dimension using the matrix of length at age.",NA,"Bio",2025-01-10 11:22:20.369488,"StartTime: Fri Jan 10 11:11:36 2025"
"sel01_multiple_fleets_length1.png","Selectivity at length for multiple fleets.",NA,"Sel",2025-01-10 11:22:20.369488,"StartTime: Fri Jan 10 11:11:36 2025"
"sel02_multiple_fleets_age1.png","Selectivity at age for multiple fleets.",NA,"Sel",2025-01-10 11:22:20.369488,"StartTime: Fri Jan 10 11:11:36 2025"
"sel02_multiple_fleets_age2.png","Selectivity at age derived from selectivity at length for multiple fleets.",NA,"Sel",2025-01-10 11:22:20.369488,"StartTime: Fri Jan 10 11:11:36 2025"
"sel03_len_timevary_surf_flt1sex1.png","Surface plot of Female time-varying selectivity for BottomTrawl",NA,"Sel",2025-01-10 11:22:20.369488,"StartTime: Fri Jan 10 11:11:36 2025"
"sel04_len_timevary_contour_flt1sex1.png","Countour plot of Female time-varying selectivity for BottomTrawl",NA,"Sel",2025-01-10 11:22:20.369488,"StartTime: Fri Jan 10 11:11:36 2025"
"sel05_timevary_ret_surf_flt1sex1.png","Surface plot of Female time-varying retention for BottomTrawl",NA,"Sel",2025-01-10 11:22:20.369488,"StartTime: Fri Jan 10 11:11:36 2025"
"sel06_timevary_ret_contour_flt1sex1.png","Countour plot of Female time-varying retention for BottomTrawl",NA,"Sel",2025-01-10 11:22:20.369488,"StartTime: Fri Jan 10 11:11:36 2025"
"sel09_len_flt1sex1.png","Female ending year selectivity for BottomTrawl",NA,"Sel",2025-01-10 11:22:20.369488,"StartTime: Fri Jan 10 11:11:36 2025"
"sel03_len_timevary_surf_flt1sex2.png","Surface plot of Male time-varying selectivity for BottomTrawl",NA,"Sel",2025-01-10 11:22:20.369488,"StartTime: Fri Jan 10 11:11:36 2025"
"sel04_len_timevary_contour_flt1sex2.png","Countour plot of Male time-varying selectivity for BottomTrawl",NA,"Sel",2025-01-10 11:22:20.369488,"StartTime: Fri Jan 10 11:11:36 2025"
"sel05_timevary_ret_surf_flt1sex2.png","Surface plot of Male time-varying retention for BottomTrawl",NA,"Sel",2025-01-10 11:22:20.369488,"StartTime: Fri Jan 10 11:11:36 2025"
"sel06_timevary_ret_contour_flt1sex2.png","Countour plot of Male time-varying retention for BottomTrawl",NA,"Sel",2025-01-10 11:22:20.369488,"StartTime: Fri Jan 10 11:11:36 2025"
"sel09_len_flt1sex2.png","Male ending year selectivity for BottomTrawl",NA,"Sel",2025-01-10 11:22:20.369488,"StartTime: Fri Jan 10 11:11:36 2025"
"sel03_len_timevary_surf_flt2sex1.png","Surface plot of Female time-varying selectivity for MidwaterTrawl",NA,"Sel",2025-01-10 11:22:20.369488,"StartTime: Fri Jan 10 11:11:36 2025"
"sel04_len_timevary_contour_flt2sex1.png","Countour plot of Female time-varying selectivity for MidwaterTrawl",NA,"Sel",2025-01-10 11:22:20.369488,"StartTime: Fri Jan 10 11:11:36 2025"
"sel05_timevary_ret_surf_flt2sex1.png","Surface plot of Female time-varying retention for MidwaterTrawl",NA,"Sel",2025-01-10 11:22:20.369488,"StartTime: Fri Jan 10 11:11:36 2025"
"sel06_timevary_ret_contour_flt2sex1.png","Countour plot of Female time-varying retention for MidwaterTrawl",NA,"Sel",2025-01-10 11:22:20.369488,"StartTime: Fri Jan 10 11:11:36 2025"
"sel09_len_flt2sex1.png","Female ending year selectivity for MidwaterTrawl",NA,"Sel",2025-01-10 11:22:20.369488,"StartTime: Fri Jan 10 11:11:36 2025"
"sel03_len_timevary_surf_flt2sex2.png","Surface plot of Male time-varying selectivity for MidwaterTrawl",NA,"Sel",2025-01-10 11:22:20.369488,"StartTime: Fri Jan 10 11:11:36 2025"
"sel04_len_timevary_contour_flt2sex2.png","Countour plot of Male time-varying selectivity for MidwaterTrawl",NA,"Sel",2025-01-10 11:22:20.369488,"StartTime: Fri Jan 10 11:11:36 2025"
"sel05_timevary_ret_surf_flt2sex2.png","Surface plot of Male time-varying retention for MidwaterTrawl",NA,"Sel",2025-01-10 11:22:20.369488,"StartTime: Fri Jan 10 11:11:36 2025"
"sel06_timevary_ret_contour_flt2sex2.png","Countour plot of Male time-varying retention for MidwaterTrawl",NA,"Sel",2025-01-10 11:22:20.369488,"StartTime: Fri Jan 10 11:11:36 2025"
"sel09_len_flt2sex2.png","Male ending year selectivity for MidwaterTrawl",NA,"Sel",2025-01-10 11:22:20.369488,"StartTime: Fri Jan 10 11:11:36 2025"
"sel09_len_flt3sex1.png","Female ending year selectivity for Hake",NA,"Sel",2025-01-10 11:22:20.369488,"StartTime: Fri Jan 10 11:11:36 2025"
"sel09_len_flt3sex2.png","Male ending year selectivity for Hake",NA,"Sel",2025-01-10 11:22:20.369488,"StartTime: Fri Jan 10 11:11:36 2025"
"sel09_len_flt4sex1.png","Female ending year selectivity for Net",NA,"Sel",2025-01-10 11:22:20.369488,"StartTime: Fri Jan 10 11:11:36 2025"
"sel09_len_flt4sex2.png","Male ending year selectivity for Net",NA,"Sel",2025-01-10 11:22:20.369488,"StartTime: Fri Jan 10 11:11:36 2025"
"sel03_len_timevary_surf_flt5sex1.png","Surface plot of Female time-varying selectivity for HnL",NA,"Sel",2025-01-10 11:22:20.369488,"StartTime: Fri Jan 10 11:11:36 2025"
"sel04_len_timevary_contour_flt5sex1.png","Countour plot of Female time-varying selectivity for HnL",NA,"Sel",2025-01-10 11:22:20.369488,"StartTime: Fri Jan 10 11:11:36 2025"
"sel05_timevary_ret_surf_flt5sex1.png","Surface plot of Female time-varying retention for HnL",NA,"Sel",2025-01-10 11:22:20.369488,"StartTime: Fri Jan 10 11:11:36 2025"
"sel06_timevary_ret_contour_flt5sex1.png","Countour plot of Female time-varying retention for HnL",NA,"Sel",2025-01-10 11:22:20.369488,"StartTime: Fri Jan 10 11:11:36 2025"
"sel09_len_flt5sex1.png","Female ending year selectivity for HnL",NA,"Sel",2025-01-10 11:22:20.369488,"StartTime: Fri Jan 10 11:11:36 2025"
"sel03_len_timevary_surf_flt5sex2.png","Surface plot of Male time-varying selectivity for HnL",NA,"Sel",2025-01-10 11:22:20.369488,"StartTime: Fri Jan 10 11:11:36 2025"
"sel04_len_timevary_contour_flt5sex2.png","Countour plot of Male time-varying selectivity for HnL",NA,"Sel",2025-01-10 11:22:20.369488,"StartTime: Fri Jan 10 11:11:36 2025"
"sel05_timevary_ret_surf_flt5sex2.png","Surface plot of Male time-varying retention for HnL",NA,"Sel",2025-01-10 11:22:20.369488,"StartTime: Fri Jan 10 11:11:36 2025"
"sel06_timevary_ret_contour_flt5sex2.png","Countour plot of Male time-varying retention for HnL",NA,"Sel",2025-01-10 11:22:20.369488,"StartTime: Fri Jan 10 11:11:36 2025"
"sel09_len_flt5sex2.png","Male ending year selectivity for HnL",NA,"Sel",2025-01-10 11:22:20.369488,"StartTime: Fri Jan 10 11:11:36 2025"
"sel09_len_flt7sex1.png","Female ending year selectivity for Triennial",NA,"Sel",2025-01-10 11:22:20.369488,"StartTime: Fri Jan 10 11:11:36 2025"
"sel09_len_flt7sex2.png","Male ending year selectivity for Triennial",NA,"Sel",2025-01-10 11:22:20.369488,"StartTime: Fri Jan 10 11:11:36 2025"
"sel09_len_flt8sex1.png","Female ending year selectivity for NWFSC",NA,"Sel",2025-01-10 11:22:20.369488,"StartTime: Fri Jan 10 11:11:36 2025"
"sel09_len_flt8sex2.png","Male ending year selectivity for NWFSC",NA,"Sel",2025-01-10 11:22:20.369488,"StartTime: Fri Jan 10 11:11:36 2025"
"sel09_len_flt9sex1.png","Female ending year selectivity for ForeignAtSea",NA,"Sel",2025-01-10 11:22:20.369488,"StartTime: Fri Jan 10 11:11:36 2025"
"sel09_len_flt9sex2.png","Male ending year selectivity for ForeignAtSea",NA,"Sel",2025-01-10 11:22:20.369488,"StartTime: Fri Jan 10 11:11:36 2025"
"sel14_age_flt6sex1.png","Female ending year selectivity for JuvSurvey",NA,"Sel",2025-01-10 11:22:20.369488,"StartTime: Fri Jan 10 11:11:36 2025"
"sel14_age_flt6sex2.png","Male ending year selectivity for JuvSurvey",NA,"Sel",2025-01-10 11:22:20.369488,"StartTime: Fri Jan 10 11:11:36 2025"
"sel21_agelen_contour_flt1sex1.png","Female ending year selectivity and growth for BottomTrawl",NA,"Sel",2025-01-10 11:22:20.369488,"StartTime: Fri Jan 10 11:11:36 2025"
"sel21_agelen_contour_flt1sex2.png","Male ending year selectivity and growth for BottomTrawl",NA,"Sel",2025-01-10 11:22:20.369488,"StartTime: Fri Jan 10 11:11:36 2025"
"sel21_agelen_contour_flt2sex1.png","Female ending year selectivity and growth for MidwaterTrawl",NA,"Sel",2025-01-10 11:22:20.369488,"StartTime: Fri Jan 10 11:11:36 2025"
"sel21_agelen_contour_flt2sex2.png","Male ending year selectivity and growth for MidwaterTrawl",NA,"Sel",2025-01-10 11:22:20.369488,"StartTime: Fri Jan 10 11:11:36 2025"
"sel21_agelen_contour_flt3sex1.png","Female ending year selectivity and growth for Hake",NA,"Sel",2025-01-10 11:22:20.369488,"StartTime: Fri Jan 10 11:11:36 2025"
"sel21_agelen_contour_flt3sex2.png","Male ending year selectivity and growth for Hake",NA,"Sel",2025-01-10 11:22:20.369488,"StartTime: Fri Jan 10 11:11:36 2025"
"sel21_agelen_contour_flt4sex1.png","Female ending year selectivity and growth for Net",NA,"Sel",2025-01-10 11:22:20.369488,"StartTime: Fri Jan 10 11:11:36 2025"
"sel21_agelen_contour_flt4sex2.png","Male ending year selectivity and growth for Net",NA,"Sel",2025-01-10 11:22:20.369488,"StartTime: Fri Jan 10 11:11:36 2025"
"sel21_agelen_contour_flt5sex1.png","Female ending year selectivity and growth for HnL",NA,"Sel",2025-01-10 11:22:20.369488,"StartTime: Fri Jan 10 11:11:36 2025"
"sel21_agelen_contour_flt5sex2.png","Male ending year selectivity and growth for HnL",NA,"Sel",2025-01-10 11:22:20.369488,"StartTime: Fri Jan 10 11:11:36 2025"
"sel21_agelen_contour_flt7sex1.png","Female ending year selectivity and growth for Triennial",NA,"Sel",2025-01-10 11:22:20.369488,"StartTime: Fri Jan 10 11:11:36 2025"
"sel21_agelen_contour_flt7sex2.png","Male ending year selectivity and growth for Triennial",NA,"Sel",2025-01-10 11:22:20.369488,"StartTime: Fri Jan 10 11:11:36 2025"
"sel21_agelen_contour_flt8sex1.png","Female ending year selectivity and growth for NWFSC",NA,"Sel",2025-01-10 11:22:20.369488,"StartTime: Fri Jan 10 11:11:36 2025"
"sel21_agelen_contour_flt8sex2.png","Male ending year selectivity and growth for NWFSC",NA,"Sel",2025-01-10 11:22:20.369488,"StartTime: Fri Jan 10 11:11:36 2025"
"sel21_agelen_contour_flt9sex1.png","Female ending year selectivity and growth for ForeignAtSea",NA,"Sel",2025-01-10 11:22:20.369488,"StartTime: Fri Jan 10 11:11:36 2025"
"sel21_agelen_contour_flt9sex2.png","Male ending year selectivity and growth for ForeignAtSea",NA,"Sel",2025-01-10 11:22:20.369488,"StartTime: Fri Jan 10 11:11:36 2025"
"ts7_Spawning_output.png","Spawning biomass (t)",NA,"Timeseries",2025-01-10 11:22:20.369488,"StartTime: Fri Jan 10 11:11:36 2025"
"ts7_Spawning_output_with_95_intervals.png","Spawning biomass (t) with ~95% asymptotic intervals",NA,"Timeseries",2025-01-10 11:22:20.369488,"StartTime: Fri Jan 10 11:11:36 2025"
"ts9_Relative_spawning_biomass.png","Relative spawning biomass: B/B_0",NA,"Timeseries",2025-01-10 11:22:20.369488,"StartTime: Fri Jan 10 11:11:36 2025"
"ts9_Relative_spawning_biomass_intervals.png","Relative spawning biomass: B/B_0 with ~95% asymptotic intervals",NA,"Timeseries",2025-01-10 11:22:20.369488,"StartTime: Fri Jan 10 11:11:36 2025"
"ts1_Total_biomass_(t).png","Total biomass (t)",NA,"Timeseries",2025-01-10 11:22:20.369488,"StartTime: Fri Jan 10 11:11:36 2025"
"ts4_Summary_biomass_(t).png","Summary biomass (t)",NA,"Timeseries",2025-01-10 11:22:20.369488,"StartTime: Fri Jan 10 11:11:36 2025"
"ts11_Age-0_recruits_(1000s).png","Age-0 recruits (1,000s)",NA,"Timeseries",2025-01-10 11:22:20.369488,"StartTime: Fri Jan 10 11:11:36 2025"
"ts11_Age-0_recruits_(1000s)_with_95_asymptotic_intervals.png","Age-0 recruits (1,000s) with ~95% asymptotic intervals",NA,"Timeseries",2025-01-10 11:22:20.369488,"StartTime: Fri Jan 10 11:11:36 2025"
"ts_summaryF.png","Summary F (definition of F depends on setting in starter.ss)",NA,"Timeseries",2025-01-10 11:22:20.369488,"StartTime: Fri Jan 10 11:11:36 2025"
"ts_DynamicB0.png","Dynamic B0 plot. The lower line shows the time series of estimated Spawning biomass (t) in the presence of fishing mortality. The upper line shows the time series that could occur under the same dynamics (including deviations in recruitment), but without fishing. The point at the left represents the unfished equilibrium.",NA,"Timeseries",2025-01-10 11:22:20.369488,"StartTime: Fri Jan 10 11:11:36 2025"
"recdevs1_points.png","Recruitment deviations",NA,"RecDev",2025-01-10 11:22:20.369488,"StartTime: Fri Jan 10 11:11:36 2025"
"recdevs2_withbars.png","Recruitment deviations with 95% intervals",NA,"RecDev",2025-01-10 11:22:20.369488,"StartTime: Fri Jan 10 11:11:36 2025"
"recdevs3_varcheck.png","Recruitment deviations variance check.<br> See later figure of transformed variance values for comparison with bias adjustment settings in the model.",NA,"RecDev",2025-01-10 11:22:20.369488,"StartTime: Fri Jan 10 11:11:36 2025"
"recruit_fit_bias_adjust.png","Points are transformed variances. Red line shows current settings for bias adjustment specified in control file. Blue line shows least squares estimate of alternative bias adjustment relationship for recruitment deviations (which may or may not be an improvement. For more information, see<br> 
<blockquote>Methot, R.D. and Taylor, I.G., 2011. Adjusting for bias due to variability of estimated recruitments in fishery assessment models. <i>Can. J. Fish. Aquat. Sci.</i>, 68:1744-1760.</blockquote><br> 
Estimated alternative inputs to SS control file associated with blue line in figure: 
<pre>1961.7   #_last_early_yr_nobias_adj_in_MPD 
1975.6   #_first_yr_fullbias_adj_in_MPD 
2013.2   #_last_yr_fullbias_adj_in_MPD 
2017.4   #_first_recent_yr_nobias_adj_in_MPD 
0.85  #_max_bias_adj_in_MPD (1.0 to mimic pre-2009 models) </pre>",NA,"RecDev",2025-01-10 11:22:20.369488,"StartTime: Fri Jan 10 11:11:36 2025"
"SR_curve.png","Stock-recruit curve.  Point colors indicate year, with warmer colors indicating earlier years and cooler colors in showing later years.",NA,"S-R",2025-01-10 11:22:20.369488,"StartTime: Fri Jan 10 11:11:36 2025"
"SR_curve2.png","Stock-recruit curve with labels on first, last, and years with (log) deviations > 0.5. Point colors indicate year, with warmer colors indicating earlier years and cooler colors in showing later years.",NA,"S-R",2025-01-10 11:22:20.369488,"StartTime: Fri Jan 10 11:11:36 2025"
"SR_resids.png","Deviations around the stock-recruit curve. Labels are on first, last, and years with (log) deviations > 0.5. Point colors indicate year, with warmer colors indicating earlier years and cooler colors in showing later years.",NA,"S-R",2025-01-10 11:22:20.369488,"StartTime: Fri Jan 10 11:11:36 2025"
"catch1_landings.png","landings",NA,"Catch",2025-01-10 11:22:20.369488,"StartTime: Fri Jan 10 11:11:36 2025"
"catch2_landings_stacked.png","landings_stacked",NA,"Catch",2025-01-10 11:22:20.369488,"StartTime: Fri Jan 10 11:11:36 2025"
"catch4_total_catch_(including_discards).png","total_catch_(including_discards)",NA,"Catch",2025-01-10 11:22:20.369488,"StartTime: Fri Jan 10 11:11:36 2025"
"catch5_total_catch_(including_discards)_stacked.png","total_catch_(including_discards)_stacked",NA,"Catch",2025-01-10 11:22:20.369488,"StartTime: Fri Jan 10 11:11:36 2025"
"catch6_discards.png","discards",NA,"Catch",2025-01-10 11:22:20.369488,"StartTime: Fri Jan 10 11:11:36 2025"
"catch7_discards_stacked_plot_(depends_on_multiple_fleets).png","discards_stacked_plot_(depends_on_multiple_fleets)",NA,"Catch",2025-01-10 11:22:20.369488,"StartTime: Fri Jan 10 11:11:36 2025"
"catch8_discard_fraction.png","discard_fraction",NA,"Catch",2025-01-10 11:22:20.369488,"StartTime: Fri Jan 10 11:11:36 2025"
"catch9_harvest_rate.png","harvest_rate",NA,"Catch",2025-01-10 11:22:20.369488,"StartTime: Fri Jan 10 11:11:36 2025"
"catch16_landings_+_dead_discards.png","_landings_+_dead_discards",NA,"Catch",2025-01-10 11:22:20.369488,"StartTime: Fri Jan 10 11:11:36 2025"
"SPR1_series.png","Timeseries of SPR. Horizontal line is at SPR target: 0.5",NA,"SPR",2025-01-10 11:22:20.369488,"StartTime: Fri Jan 10 11:11:36 2025"
"SPR2_minusSPRseries.png","Timeseries of 1-SPR. Horizontal line is at 1 - SPR target: 1 - 0.5 = 0.5",NA,"SPR",2025-01-10 11:22:20.369488,"StartTime: Fri Jan 10 11:11:36 2025"
"SPR3_ratiointerval.png","Timeseries of SPR ratio: (1-SPR)/(1-SPR_50%)",NA,"SPR",2025-01-10 11:22:20.369488,"StartTime: Fri Jan 10 11:11:36 2025"
"SPR4_phase.png","Phase plot of biomass ratio vs. SPR ratio.<br> Each point represents the biomass ratio at the start of the year and the relative fishing intensity in that same year. Warmer colors (red) represent early years and colder colors (blue) represent recent years. Lines through the final point show 95% intervals based on the asymptotic uncertainty for each dimension. The shaded ellipse is a 95% region which accounts for the estimated correlation between the two quantities: -0.951. The vertical line at 0.4 indicates the reference point as defined in the forecast.ss which can be removed from the plot via <code>SS_plots(..., btarg = -1)</code>. ",NA,"SPR",2025-01-10 11:22:20.369488,"StartTime: Fri Jan 10 11:11:36 2025"
"discard_dataBottomTrawl.png","Total discard for BottomTrawl",NA,"Discard",2025-01-10 11:22:20.369488,"StartTime: Fri Jan 10 11:11:36 2025"
"discard_fitBottomTrawl.png","Total discard for BottomTrawl",NA,"Discard",2025-01-10 11:22:20.369488,"StartTime: Fri Jan 10 11:11:36 2025"
"discard_dataMidwaterTrawl.png","Total discard for MidwaterTrawl",NA,"Discard",2025-01-10 11:22:20.369488,"StartTime: Fri Jan 10 11:11:36 2025"
"discard_fitMidwaterTrawl.png","Total discard for MidwaterTrawl",NA,"Discard",2025-01-10 11:22:20.369488,"StartTime: Fri Jan 10 11:11:36 2025"
"discard_dataHnL.png","Total discard for HnL",NA,"Discard",2025-01-10 11:22:20.369488,"StartTime: Fri Jan 10 11:11:36 2025"
"discard_fitHnL.png","Total discard for HnL",NA,"Discard",2025-01-10 11:22:20.369488,"StartTime: Fri Jan 10 11:11:36 2025"
"index1_cpuedata_BottomTrawl.png","Index data for BottomTrawl. Lines indicate 95% uncertainty interval around index values based on the model assumption of lognormal error. Thicker lines (if present) indicate input uncertainty before addition of estimated additional uncertainty parameter.",NA,"Index",2025-01-10 11:22:20.369488,"StartTime: Fri Jan 10 11:11:36 2025"
"index2_cpuefit_BottomTrawl.png","Fit to index data for BottomTrawl. Lines indicate 95% uncertainty interval around index values based on the model assumption of lognormal error. Thicker lines (if present) indicate input uncertainty before addition of estimated additional uncertainty parameter.",NA,"Index",2025-01-10 11:22:20.369488,"StartTime: Fri Jan 10 11:11:36 2025"
"index3_obs_vs_exp_BottomTrawl.png","Observed vs. expected index values with smoother for BottomTrawl",NA,"Index",2025-01-10 11:22:20.369488,"StartTime: Fri Jan 10 11:11:36 2025"
"index4_logcpuedata_BottomTrawl.png","Log index data for BottomTrawl. Lines indicate 95% uncertainty interval around index values based on the model assumption of lognormal error. Thicker lines (if present) indicate input uncertainty before addition of estimated additional uncertainty parameter.",NA,"Index",2025-01-10 11:22:20.369488,"StartTime: Fri Jan 10 11:11:36 2025"
"index5_logcpuefit_BottomTrawl.png","Fit to log index data on log scale for BottomTrawl. Lines indicate 95% uncertainty interval around index values based on the model assumption of lognormal error. Thicker lines (if present) indicate input uncertainty before addition of estimated additional uncertainty parameter.",NA,"Index",2025-01-10 11:22:20.369488,"StartTime: Fri Jan 10 11:11:36 2025"
"index6_log_obs_vs_exp_BottomTrawl.png","log(observed) vs. log(expected) index values with smoother for BottomTrawl",NA,"Index",2025-01-10 11:22:20.369488,"StartTime: Fri Jan 10 11:11:36 2025"
"index10_resids_SE_total_BottomTrawl.png","Residuals of fit to index for BottomTrawl.<br>Values are (log(Obs) - log(Exp))/SE where SE is the total standard error including any estimated additional uncertainty.",NA,"Index",2025-01-10 11:22:20.369488,"StartTime: Fri Jan 10 11:11:36 2025"
"index12_resids_SE_total_BottomTrawl.png","Deviations for fit to index for BottomTrawl.<br>Values are log(Obs) - log(Exp) and thus independent of index uncertainty.",NA,"Index",2025-01-10 11:22:20.369488,"StartTime: Fri Jan 10 11:11:36 2025"
"index1_cpuedata_Hake.png","Index data for Hake. Lines indicate 95% uncertainty interval around index values based on the model assumption of lognormal error. Thicker lines (if present) indicate input uncertainty before addition of estimated additional uncertainty parameter.",NA,"Index",2025-01-10 11:22:20.369488,"StartTime: Fri Jan 10 11:11:36 2025"
"index2_cpuefit_Hake.png","Fit to index data for Hake. Lines indicate 95% uncertainty interval around index values based on the model assumption of lognormal error. Thicker lines (if present) indicate input uncertainty before addition of estimated additional uncertainty parameter.",NA,"Index",2025-01-10 11:22:20.369488,"StartTime: Fri Jan 10 11:11:36 2025"
"index3_obs_vs_exp_Hake.png","Observed vs. expected index values with smoother for Hake",NA,"Index",2025-01-10 11:22:20.369488,"StartTime: Fri Jan 10 11:11:36 2025"
"index4_logcpuedata_Hake.png","Log index data for Hake. Lines indicate 95% uncertainty interval around index values based on the model assumption of lognormal error. Thicker lines (if present) indicate input uncertainty before addition of estimated additional uncertainty parameter.",NA,"Index",2025-01-10 11:22:20.369488,"StartTime: Fri Jan 10 11:11:36 2025"
"index5_logcpuefit_Hake.png","Fit to log index data on log scale for Hake. Lines indicate 95% uncertainty interval around index values based on the model assumption of lognormal error. Thicker lines (if present) indicate input uncertainty before addition of estimated additional uncertainty parameter.",NA,"Index",2025-01-10 11:22:20.369488,"StartTime: Fri Jan 10 11:11:36 2025"
"index6_log_obs_vs_exp_Hake.png","log(observed) vs. log(expected) index values with smoother for Hake",NA,"Index",2025-01-10 11:22:20.369488,"StartTime: Fri Jan 10 11:11:36 2025"
"index7_timevarying_q_Hake.png","Timeseries of catchability for Hake",NA,"Index",2025-01-10 11:22:20.369488,"StartTime: Fri Jan 10 11:11:36 2025"
"index8_q_vs_vuln_bio_Hake.png","Catchability vs. vulnerable biomass for fleet Hake<br> 
This plot should illustrate curvature of nonlinear catchability relationship<br> 
or reveal patterns associated with random-walk catchability.",NA,"Index",2025-01-10 11:22:20.369488,"StartTime: Fri Jan 10 11:11:36 2025"
"index10_resids_SE_total_Hake.png","Residuals of fit to index for Hake.<br>Values are (log(Obs) - log(Exp))/SE where SE is the total standard error including any estimated additional uncertainty.",NA,"Index",2025-01-10 11:22:20.369488,"StartTime: Fri Jan 10 11:11:36 2025"
"index12_resids_SE_total_Hake.png","Deviations for fit to index for Hake.<br>Values are log(Obs) - log(Exp) and thus independent of index uncertainty.",NA,"Index",2025-01-10 11:22:20.369488,"StartTime: Fri Jan 10 11:11:36 2025"
"index1_cpuedata_JuvSurvey.png","Index data for JuvSurvey. Lines indicate 95% uncertainty interval around index values based on the model assumption of lognormal error. Thicker lines (if present) indicate input uncertainty before addition of estimated additional uncertainty parameter.",NA,"Index",2025-01-10 11:22:20.369488,"StartTime: Fri Jan 10 11:11:36 2025"
"index2_cpuefit_JuvSurvey.png","Fit to index data for JuvSurvey. Lines indicate 95% uncertainty interval around index values based on the model assumption of lognormal error. Thicker lines (if present) indicate input uncertainty before addition of estimated additional uncertainty parameter.",NA,"Index",2025-01-10 11:22:20.369488,"StartTime: Fri Jan 10 11:11:36 2025"
"index3_obs_vs_exp_JuvSurvey.png","Observed vs. expected index values with smoother for JuvSurvey",NA,"Index",2025-01-10 11:22:20.369488,"StartTime: Fri Jan 10 11:11:36 2025"
"index4_logcpuedata_JuvSurvey.png","Log index data for JuvSurvey. Lines indicate 95% uncertainty interval around index values based on the model assumption of lognormal error. Thicker lines (if present) indicate input uncertainty before addition of estimated additional uncertainty parameter.",NA,"Index",2025-01-10 11:22:20.369488,"StartTime: Fri Jan 10 11:11:36 2025"
"index5_logcpuefit_JuvSurvey.png","Fit to log index data on log scale for JuvSurvey. Lines indicate 95% uncertainty interval around index values based on the model assumption of lognormal error. Thicker lines (if present) indicate input uncertainty before addition of estimated additional uncertainty parameter.",NA,"Index",2025-01-10 11:22:20.369488,"StartTime: Fri Jan 10 11:11:36 2025"
"index6_log_obs_vs_exp_JuvSurvey.png","log(observed) vs. log(expected) index values with smoother for JuvSurvey",NA,"Index",2025-01-10 11:22:20.369488,"StartTime: Fri Jan 10 11:11:36 2025"
"index10_resids_SE_total_JuvSurvey.png","Residuals of fit to index for JuvSurvey.<br>Values are (log(Obs) - log(Exp))/SE where SE is the total standard error including any estimated additional uncertainty.",NA,"Index",2025-01-10 11:22:20.369488,"StartTime: Fri Jan 10 11:11:36 2025"
"index12_resids_SE_total_JuvSurvey.png","Deviations for fit to index for JuvSurvey.<br>Values are log(Obs) - log(Exp) and thus independent of index uncertainty.",NA,"Index",2025-01-10 11:22:20.369488,"StartTime: Fri Jan 10 11:11:36 2025"
"index1_cpuedata_Triennial.png","Index data for Triennial. Lines indicate 95% uncertainty interval around index values based on the model assumption of lognormal error. Thicker lines (if present) indicate input uncertainty before addition of estimated additional uncertainty parameter.",NA,"Index",2025-01-10 11:22:20.369488,"StartTime: Fri Jan 10 11:11:36 2025"
"index2_cpuefit_Triennial.png","Fit to index data for Triennial. Lines indicate 95% uncertainty interval around index values based on the model assumption of lognormal error. Thicker lines (if present) indicate input uncertainty before addition of estimated additional uncertainty parameter.",NA,"Index",2025-01-10 11:22:20.369488,"StartTime: Fri Jan 10 11:11:36 2025"
"index3_obs_vs_exp_Triennial.png","Observed vs. expected index values with smoother for Triennial",NA,"Index",2025-01-10 11:22:20.369488,"StartTime: Fri Jan 10 11:11:36 2025"
"index4_logcpuedata_Triennial.png","Log index data for Triennial. Lines indicate 95% uncertainty interval around index values based on the model assumption of lognormal error. Thicker lines (if present) indicate input uncertainty before addition of estimated additional uncertainty parameter.",NA,"Index",2025-01-10 11:22:20.369488,"StartTime: Fri Jan 10 11:11:36 2025"
"index5_logcpuefit_Triennial.png","Fit to log index data on log scale for Triennial. Lines indicate 95% uncertainty interval around index values based on the model assumption of lognormal error. Thicker lines (if present) indicate input uncertainty before addition of estimated additional uncertainty parameter.",NA,"Index",2025-01-10 11:22:20.369488,"StartTime: Fri Jan 10 11:11:36 2025"
"index6_log_obs_vs_exp_Triennial.png","log(observed) vs. log(expected) index values with smoother for Triennial",NA,"Index",2025-01-10 11:22:20.369488,"StartTime: Fri Jan 10 11:11:36 2025"
"index7_timevarying_q_Triennial.png","Timeseries of catchability for Triennial",NA,"Index",2025-01-10 11:22:20.369488,"StartTime: Fri Jan 10 11:11:36 2025"
"index8_q_vs_vuln_bio_Triennial.png","Catchability vs. vulnerable biomass for fleet Triennial<br> 
This plot should illustrate curvature of nonlinear catchability relationship<br> 
or reveal patterns associated with random-walk catchability.",NA,"Index",2025-01-10 11:22:20.369488,"StartTime: Fri Jan 10 11:11:36 2025"
"index10_resids_SE_total_Triennial.png","Residuals of fit to index for Triennial.<br>Values are (log(Obs) - log(Exp))/SE where SE is the total standard error including any estimated additional uncertainty.",NA,"Index",2025-01-10 11:22:20.369488,"StartTime: Fri Jan 10 11:11:36 2025"
"index12_resids_SE_total_Triennial.png","Deviations for fit to index for Triennial.<br>Values are log(Obs) - log(Exp) and thus independent of index uncertainty.",NA,"Index",2025-01-10 11:22:20.369488,"StartTime: Fri Jan 10 11:11:36 2025"
"index1_cpuedata_NWFSC.png","Index data for NWFSC. Lines indicate 95% uncertainty interval around index values based on the model assumption of lognormal error. Thicker lines (if present) indicate input uncertainty before addition of estimated additional uncertainty parameter.",NA,"Index",2025-01-10 11:22:20.369488,"StartTime: Fri Jan 10 11:11:36 2025"
"index2_cpuefit_NWFSC.png","Fit to index data for NWFSC. Lines indicate 95% uncertainty interval around index values based on the model assumption of lognormal error. Thicker lines (if present) indicate input uncertainty before addition of estimated additional uncertainty parameter.",NA,"Index",2025-01-10 11:22:20.369488,"StartTime: Fri Jan 10 11:11:36 2025"
"index3_obs_vs_exp_NWFSC.png","Observed vs. expected index values with smoother for NWFSC",NA,"Index",2025-01-10 11:22:20.369488,"StartTime: Fri Jan 10 11:11:36 2025"
"index4_logcpuedata_NWFSC.png","Log index data for NWFSC. Lines indicate 95% uncertainty interval around index values based on the model assumption of lognormal error. Thicker lines (if present) indicate input uncertainty before addition of estimated additional uncertainty parameter.",NA,"Index",2025-01-10 11:22:20.369488,"StartTime: Fri Jan 10 11:11:36 2025"
"index5_logcpuefit_NWFSC.png","Fit to log index data on log scale for NWFSC. Lines indicate 95% uncertainty interval around index values based on the model assumption of lognormal error. Thicker lines (if present) indicate input uncertainty before addition of estimated additional uncertainty parameter.",NA,"Index",2025-01-10 11:22:20.369488,"StartTime: Fri Jan 10 11:11:36 2025"
"index6_log_obs_vs_exp_NWFSC.png","log(observed) vs. log(expected) index values with smoother for NWFSC",NA,"Index",2025-01-10 11:22:20.369488,"StartTime: Fri Jan 10 11:11:36 2025"
"index10_resids_SE_total_NWFSC.png","Residuals of fit to index for NWFSC.<br>Values are (log(Obs) - log(Exp))/SE where SE is the total standard error including any estimated additional uncertainty.",NA,"Index",2025-01-10 11:22:20.369488,"StartTime: Fri Jan 10 11:11:36 2025"
"index12_resids_SE_total_NWFSC.png","Deviations for fit to index for NWFSC.<br>Values are log(Obs) - log(Exp) and thus independent of index uncertainty.",NA,"Index",2025-01-10 11:22:20.369488,"StartTime: Fri Jan 10 11:11:36 2025"
"index1_cpuedata_ForeignAtSea.png","Index data for ForeignAtSea. Lines indicate 95% uncertainty interval around index values based on the model assumption of lognormal error. Thicker lines (if present) indicate input uncertainty before addition of estimated additional uncertainty parameter.",NA,"Index",2025-01-10 11:22:20.369488,"StartTime: Fri Jan 10 11:11:36 2025"
"index2_cpuefit_ForeignAtSea.png","Fit to index data for ForeignAtSea. Lines indicate 95% uncertainty interval around index values based on the model assumption of lognormal error. Thicker lines (if present) indicate input uncertainty before addition of estimated additional uncertainty parameter.",NA,"Index",2025-01-10 11:22:20.369488,"StartTime: Fri Jan 10 11:11:36 2025"
"index3_obs_vs_exp_ForeignAtSea.png","Observed vs. expected index values with smoother for ForeignAtSea",NA,"Index",2025-01-10 11:22:20.369488,"StartTime: Fri Jan 10 11:11:36 2025"
"index4_logcpuedata_ForeignAtSea.png","Log index data for ForeignAtSea. Lines indicate 95% uncertainty interval around index values based on the model assumption of lognormal error. Thicker lines (if present) indicate input uncertainty before addition of estimated additional uncertainty parameter.",NA,"Index",2025-01-10 11:22:20.369488,"StartTime: Fri Jan 10 11:11:36 2025"
"index5_logcpuefit_ForeignAtSea.png","Fit to log index data on log scale for ForeignAtSea. Lines indicate 95% uncertainty interval around index values based on the model assumption of lognormal error. Thicker lines (if present) indicate input uncertainty before addition of estimated additional uncertainty parameter.",NA,"Index",2025-01-10 11:22:20.369488,"StartTime: Fri Jan 10 11:11:36 2025"
"index6_log_obs_vs_exp_ForeignAtSea.png","log(observed) vs. log(expected) index values with smoother for ForeignAtSea",NA,"Index",2025-01-10 11:22:20.369488,"StartTime: Fri Jan 10 11:11:36 2025"
"index10_resids_SE_total_ForeignAtSea.png","Residuals of fit to index for ForeignAtSea.<br>Values are (log(Obs) - log(Exp))/SE where SE is the total standard error including any estimated additional uncertainty.",NA,"Index",2025-01-10 11:22:20.369488,"StartTime: Fri Jan 10 11:11:36 2025"
"index12_resids_SE_total_ForeignAtSea.png","Deviations for fit to index for ForeignAtSea.<br>Values are log(Obs) - log(Exp) and thus independent of index uncertainty.",NA,"Index",2025-01-10 11:22:20.369488,"StartTime: Fri Jan 10 11:11:36 2025"
"index9_standcpueall.png","Standardized indices overlaid. Each index is rescaled to have mean observation = 1.0.",NA,"Index",2025-01-10 11:22:20.369488,"StartTime: Fri Jan 10 11:11:36 2025"
"numbers1_sex1_beg.png","Beginning of year expected numbers at age of females in (max ~ 120.4 million)",NA,"Numbers",2025-01-10 11:22:20.369488,"StartTime: Fri Jan 10 11:11:36 2025"
"numbers1_sex2_beg.png","Beginning of year expected numbers at age of males in (max ~ 120.4 million)",NA,"Numbers",2025-01-10 11:22:20.369488,"StartTime: Fri Jan 10 11:11:36 2025"
"numbers2_meanage_beg.png","Beginning of year mean age in the population",NA,"Numbers",2025-01-10 11:22:20.369488,"StartTime: Fri Jan 10 11:11:36 2025"
"numbers1_sex1_mid.png","Middle of year expected numbers at age of females in (max ~ 112.0 million)",NA,"Numbers",2025-01-10 11:22:20.369488,"StartTime: Fri Jan 10 11:11:36 2025"
"numbers1_sex2_mid.png","Middle of year expected numbers at age of males in (max ~ 111.4 million)",NA,"Numbers",2025-01-10 11:22:20.369488,"StartTime: Fri Jan 10 11:11:36 2025"
"numbers2_meanage_mid.png","Middle of year mean age in the population",NA,"Numbers",2025-01-10 11:22:20.369488,"StartTime: Fri Jan 10 11:11:36 2025"
"numbers3_frac_female_age.png","Fraction female in numbers at age",NA,"Numbers",2025-01-10 11:22:20.369488,"StartTime: Fri Jan 10 11:11:36 2025"
"numbers6_len_sex1.png","Beginning of year expected numbers at length of females in (max ~ 113.4 million)",NA,"Numbers",2025-01-10 11:22:20.369488,"StartTime: Fri Jan 10 11:11:36 2025"
"numbers6_len_sex2.png","Beginning of year expected numbers at length of males in (max ~ 117.2 million)",NA,"Numbers",2025-01-10 11:22:20.369488,"StartTime: Fri Jan 10 11:11:36 2025"
"numbers7_meanlen.png","Beginning of year mean length (cm) in the population",NA,"Numbers",2025-01-10 11:22:20.369488,"StartTime: Fri Jan 10 11:11:36 2025"
"numbers6_len_sex1.png","Middle of year expected numbers at length of females in (max ~ 47.2 million)",NA,"Numbers",2025-01-10 11:22:20.369488,"StartTime: Fri Jan 10 11:11:36 2025"
"numbers6_len_sex2.png","Middle of year expected numbers at length of males in (max ~ 56.1 million)",NA,"Numbers",2025-01-10 11:22:20.369488,"StartTime: Fri Jan 10 11:11:36 2025"
"numbers7_meanlen.png","Middle of year mean length (cm) in the population",NA,"Numbers",2025-01-10 11:22:20.369488,"StartTime: Fri Jan 10 11:11:36 2025"
"numbers8_frac_female_len.png","Fraction female in numbers at length",NA,"Numbers",2025-01-10 11:22:20.369488,"StartTime: Fri Jan 10 11:11:36 2025"
"numbers4_equilagecomp.png","Equilibrium age distribution",NA,"Numbers",2025-01-10 11:22:20.369488,"StartTime: Fri Jan 10 11:11:36 2025"
"numbers5_ageerrorSD.png","Ageing imprecision: SD of observed age (yr)",NA,"Numbers",2025-01-10 11:22:20.369488,"StartTime: Fri Jan 10 11:11:36 2025"
"numbers5_ageerrorMeans.png","Ageing imprecision: Mean observed age (yr)",NA,"Numbers",2025-01-10 11:22:20.369488,"StartTime: Fri Jan 10 11:11:36 2025"
"numbers10_ageerror_matrix_1.png","Distribution of observed age at true age 
 for ageing error type 1",NA,"Numbers",2025-01-10 11:22:20.369488,"StartTime: Fri Jan 10 11:11:36 2025"
"numbers10_ageerror_matrix_2.png","Distribution of observed age at true age 
 for ageing error type 2",NA,"Numbers",2025-01-10 11:22:20.369488,"StartTime: Fri Jan 10 11:11:36 2025"
"comp_lendat__aggregated_across_time.png","Length comp data, aggregated across time by fleet.
 <br> Labels 'retained' and 'discard' indicate discarded or retained sampled for each fleet. Panels without this designation represent the whole catch.
",NA,"CompDat",2025-01-10 11:22:20.369488,"StartTime: Fri Jan 10 11:11:36 2025"
"comp_lendat__page1_multi-fleet_comparison.png","Length comp data,  comparing across fleets (plot 1 of 2)",NA,"CompDat",2025-01-10 11:22:20.369488,"StartTime: Fri Jan 10 11:11:36 2025"
"comp_lendat__page2_multi-fleet_comparison.png","Length comp data,  comparing across fleets (plot 2 of 2)",NA,"CompDat",2025-01-10 11:22:20.369488,"StartTime: Fri Jan 10 11:11:36 2025"
"comp_lendat_flt1mkt2_page1.png","Length comp data, retained, BottomTrawl (plot 1 of 2).<br><br>'N adj.' is the input sample size after data-weighting adjustment. N eff. is the calculated effective sample size used in the McAllister-Ianelli tuning method.",NA,"CompDat",2025-01-10 11:22:20.369488,"StartTime: Fri Jan 10 11:11:36 2025"
"comp_lendat_flt1mkt2_page2.png","Length comp data, retained, BottomTrawl (plot 1 of 2).<br><br>'N adj.' is the input sample size after data-weighting adjustment. N eff. is the calculated effective sample size used in the McAllister-Ianelli tuning method. (plot 2 of 2)",NA,"CompDat",2025-01-10 11:22:20.369488,"StartTime: Fri Jan 10 11:11:36 2025"
"comp_lendat_bubflt1mkt2_page2.png","Length comp data, retained, BottomTrawl (max=0.33) (plot 2 of 2)",NA,"CompDat",2025-01-10 11:22:20.369488,"StartTime: Fri Jan 10 11:11:36 2025"
"comp_lendat_data_weighting_TA1-8_BottomTrawl.png","Mean length for BottomTrawl with 95% confidence intervals based on current sample sizes.",NA,"CompDat",2025-01-10 11:22:20.369488,"StartTime: Fri Jan 10 11:11:36 2025"
"comp_lendat_flt1mkt1.png","Length comp data, discard, BottomTrawl.<br><br>'N adj.' is the input sample size after data-weighting adjustment. N eff. is the calculated effective sample size used in the McAllister-Ianelli tuning method.",NA,"CompDat",2025-01-10 11:22:20.369488,"StartTime: Fri Jan 10 11:11:36 2025"
"comp_lendat_bubflt1mkt1.png","Length comp data, discard, BottomTrawl (max=0.61)",NA,"CompDat",2025-01-10 11:22:20.369488,"StartTime: Fri Jan 10 11:11:36 2025"
"comp_lendat_data_weighting_TA1-8_BottomTrawl.png","Mean length for BottomTrawl with 95% confidence intervals based on current sample sizes.",NA,"CompDat",2025-01-10 11:22:20.369488,"StartTime: Fri Jan 10 11:11:36 2025"
"comp_lendat_flt2mkt2_page1.png","Length comp data, retained, MidwaterTrawl (plot 1 of 2).<br><br>'N adj.' is the input sample size after data-weighting adjustment. N eff. is the calculated effective sample size used in the McAllister-Ianelli tuning method.",NA,"CompDat",2025-01-10 11:22:20.369488,"StartTime: Fri Jan 10 11:11:36 2025"
"comp_lendat_flt2mkt2_page2.png","Length comp data, retained, MidwaterTrawl (plot 1 of 2).<br><br>'N adj.' is the input sample size after data-weighting adjustment. N eff. is the calculated effective sample size used in the McAllister-Ianelli tuning method. (plot 2 of 2)",NA,"CompDat",2025-01-10 11:22:20.369488,"StartTime: Fri Jan 10 11:11:36 2025"
"comp_lendat_bubflt2mkt2_page2.png","Length comp data, retained, MidwaterTrawl (max=0.25) (plot 2 of 2)",NA,"CompDat",2025-01-10 11:22:20.369488,"StartTime: Fri Jan 10 11:11:36 2025"
"comp_lendat_data_weighting_TA1-8_MidwaterTrawl.png","Mean length for MidwaterTrawl with 95% confidence intervals based on current sample sizes.",NA,"CompDat",2025-01-10 11:22:20.369488,"StartTime: Fri Jan 10 11:11:36 2025"
"comp_lendat_flt3mkt2_page1.png","Length comp data, retained, Hake (plot 1 of 2).<br><br>'N adj.' is the input sample size after data-weighting adjustment. N eff. is the calculated effective sample size used in the McAllister-Ianelli tuning method.",NA,"CompDat",2025-01-10 11:22:20.369488,"StartTime: Fri Jan 10 11:11:36 2025"
"comp_lendat_flt3mkt2_page2.png","Length comp data, retained, Hake (plot 1 of 2).<br><br>'N adj.' is the input sample size after data-weighting adjustment. N eff. is the calculated effective sample size used in the McAllister-Ianelli tuning method. (plot 2 of 2)",NA,"CompDat",2025-01-10 11:22:20.369488,"StartTime: Fri Jan 10 11:11:36 2025"
"comp_lendat_bubflt3mkt2_page2.png","Length comp data, retained, Hake (max=0.19) (plot 2 of 2)",NA,"CompDat",2025-01-10 11:22:20.369488,"StartTime: Fri Jan 10 11:11:36 2025"
"comp_lendat_data_weighting_TA1-8_Hake.png","Mean length for Hake with 95% confidence intervals based on current sample sizes.",NA,"CompDat",2025-01-10 11:22:20.369488,"StartTime: Fri Jan 10 11:11:36 2025"
"comp_lendat_flt4mkt2.png","Length comp data, retained, Net.<br><br>'N adj.' is the input sample size after data-weighting adjustment. N eff. is the calculated effective sample size used in the McAllister-Ianelli tuning method.",NA,"CompDat",2025-01-10 11:22:20.369488,"StartTime: Fri Jan 10 11:11:36 2025"
"comp_lendat_bubflt4mkt2.png","Length comp data, retained, Net (max=0.27)",NA,"CompDat",2025-01-10 11:22:20.369488,"StartTime: Fri Jan 10 11:11:36 2025"
"comp_lendat_data_weighting_TA1-8_Net.png","Mean length for Net with 95% confidence intervals based on current sample sizes.",NA,"CompDat",2025-01-10 11:22:20.369488,"StartTime: Fri Jan 10 11:11:36 2025"
"comp_lendat_flt5mkt2_page1.png","Length comp data, retained, HnL (plot 1 of 2).<br><br>'N adj.' is the input sample size after data-weighting adjustment. N eff. is the calculated effective sample size used in the McAllister-Ianelli tuning method.",NA,"CompDat",2025-01-10 11:22:20.369488,"StartTime: Fri Jan 10 11:11:36 2025"
"comp_lendat_flt5mkt2_page2.png","Length comp data, retained, HnL (plot 1 of 2).<br><br>'N adj.' is the input sample size after data-weighting adjustment. N eff. is the calculated effective sample size used in the McAllister-Ianelli tuning method. (plot 2 of 2)",NA,"CompDat",2025-01-10 11:22:20.369488,"StartTime: Fri Jan 10 11:11:36 2025"
"comp_lendat_bubflt5mkt2_page2.png","Length comp data, retained, HnL (max=0.44) (plot 2 of 2)",NA,"CompDat",2025-01-10 11:22:20.369488,"StartTime: Fri Jan 10 11:11:36 2025"
"comp_lendat_data_weighting_TA1-8_HnL.png","Mean length for HnL with 95% confidence intervals based on current sample sizes.",NA,"CompDat",2025-01-10 11:22:20.369488,"StartTime: Fri Jan 10 11:11:36 2025"
"comp_lendat_flt5mkt1.png","Length comp data, discard, HnL.<br><br>'N adj.' is the input sample size after data-weighting adjustment. N eff. is the calculated effective sample size used in the McAllister-Ianelli tuning method.",NA,"CompDat",2025-01-10 11:22:20.369488,"StartTime: Fri Jan 10 11:11:36 2025"
"comp_lendat_bubflt5mkt1.png","Length comp data, discard, HnL (max=0.66)",NA,"CompDat",2025-01-10 11:22:20.369488,"StartTime: Fri Jan 10 11:11:36 2025"
"comp_lendat_data_weighting_TA1-8_HnL.png","Mean length for HnL with 95% confidence intervals based on current sample sizes.",NA,"CompDat",2025-01-10 11:22:20.369488,"StartTime: Fri Jan 10 11:11:36 2025"
"comp_lendat_flt7mkt0.png","Length comp data, whole catch, Triennial.<br><br>'N adj.' is the input sample size after data-weighting adjustment. N eff. is the calculated effective sample size used in the McAllister-Ianelli tuning method.",NA,"CompDat",2025-01-10 11:22:20.369488,"StartTime: Fri Jan 10 11:11:36 2025"
"comp_lendat_bubflt7mkt0.png","Length comp data, whole catch, Triennial (max=0.25)",NA,"CompDat",2025-01-10 11:22:20.369488,"StartTime: Fri Jan 10 11:11:36 2025"
"comp_lendat_data_weighting_TA1-8_Triennial.png","Mean length for Triennial with 95% confidence intervals based on current sample sizes.",NA,"CompDat",2025-01-10 11:22:20.369488,"StartTime: Fri Jan 10 11:11:36 2025"
"comp_lendat_flt8mkt0.png","Length comp data, whole catch, NWFSC.<br><br>'N adj.' is the input sample size after data-weighting adjustment. N eff. is the calculated effective sample size used in the McAllister-Ianelli tuning method.",NA,"CompDat",2025-01-10 11:22:20.369488,"StartTime: Fri Jan 10 11:11:36 2025"
"comp_lendat_bubflt8mkt0.png","Length comp data, whole catch, NWFSC (max=0.19)",NA,"CompDat",2025-01-10 11:22:20.369488,"StartTime: Fri Jan 10 11:11:36 2025"
"comp_lendat_data_weighting_TA1-8_NWFSC.png","Mean length for NWFSC with 95% confidence intervals based on current sample sizes.",NA,"CompDat",2025-01-10 11:22:20.369488,"StartTime: Fri Jan 10 11:11:36 2025"
"sexratio_data_len_flt1mkt2_page1.png","Sex ratios for length comps, retained, BottomTrawl (plot 1 of 2).<br>Observed sex ratios (points) with 75% intervals (vertical lines) calculated as a <a href='https://www.jstor.org/stable/2676784'>Jeffreys interval</a> based on the adjusted input sample size.",NA,"CompDat",2025-01-10 11:22:20.369488,"StartTime: Fri Jan 10 11:11:36 2025"
"sexratio_data_len_flt1mkt2_page2.png","Sex ratios for length comps, retained, BottomTrawl (plot 1 of 2).<br>Observed sex ratios (points) with 75% intervals (vertical lines) calculated as a <a href='https://www.jstor.org/stable/2676784'>Jeffreys interval</a> based on the adjusted input sample size. (plot 2 of 2)",NA,"CompDat",2025-01-10 11:22:20.369488,"StartTime: Fri Jan 10 11:11:36 2025"
"sexratio_data_len_flt1mkt1.png","Sex ratios for length comps, discard, BottomTrawl.<br>Observed sex ratios (points) with 75% intervals (vertical lines) calculated as a <a href='https://www.jstor.org/stable/2676784'>Jeffreys interval</a> based on the adjusted input sample size.",NA,"CompDat",2025-01-10 11:22:20.369488,"StartTime: Fri Jan 10 11:11:36 2025"
"sexratio_data_len_flt2mkt2_page1.png","Sex ratios for length comps, retained, MidwaterTrawl (plot 1 of 2).<br>Observed sex ratios (points) with 75% intervals (vertical lines) calculated as a <a href='https://www.jstor.org/stable/2676784'>Jeffreys interval</a> based on the adjusted input sample size.",NA,"CompDat",2025-01-10 11:22:20.369488,"StartTime: Fri Jan 10 11:11:36 2025"
"sexratio_data_len_flt2mkt2_page2.png","Sex ratios for length comps, retained, MidwaterTrawl (plot 1 of 2).<br>Observed sex ratios (points) with 75% intervals (vertical lines) calculated as a <a href='https://www.jstor.org/stable/2676784'>Jeffreys interval</a> based on the adjusted input sample size. (plot 2 of 2)",NA,"CompDat",2025-01-10 11:22:20.369488,"StartTime: Fri Jan 10 11:11:36 2025"
"sexratio_data_len_flt3mkt2_page1.png","Sex ratios for length comps, retained, Hake (plot 1 of 2).<br>Observed sex ratios (points) with 75% intervals (vertical lines) calculated as a <a href='https://www.jstor.org/stable/2676784'>Jeffreys interval</a> based on the adjusted input sample size.",NA,"CompDat",2025-01-10 11:22:20.369488,"StartTime: Fri Jan 10 11:11:36 2025"
"sexratio_data_len_flt3mkt2_page2.png","Sex ratios for length comps, retained, Hake (plot 1 of 2).<br>Observed sex ratios (points) with 75% intervals (vertical lines) calculated as a <a href='https://www.jstor.org/stable/2676784'>Jeffreys interval</a> based on the adjusted input sample size. (plot 2 of 2)",NA,"CompDat",2025-01-10 11:22:20.369488,"StartTime: Fri Jan 10 11:11:36 2025"
"sexratio_data_len_flt4mkt2.png","Sex ratios for length comps, retained, Net.<br>Observed sex ratios (points) with 75% intervals (vertical lines) calculated as a <a href='https://www.jstor.org/stable/2676784'>Jeffreys interval</a> based on the adjusted input sample size.",NA,"CompDat",2025-01-10 11:22:20.369488,"StartTime: Fri Jan 10 11:11:36 2025"
"sexratio_data_len_flt5mkt2_page1.png","Sex ratios for length comps, retained, HnL (plot 1 of 2).<br>Observed sex ratios (points) with 75% intervals (vertical lines) calculated as a <a href='https://www.jstor.org/stable/2676784'>Jeffreys interval</a> based on the adjusted input sample size.",NA,"CompDat",2025-01-10 11:22:20.369488,"StartTime: Fri Jan 10 11:11:36 2025"
"sexratio_data_len_flt5mkt2_page2.png","Sex ratios for length comps, retained, HnL (plot 1 of 2).<br>Observed sex ratios (points) with 75% intervals (vertical lines) calculated as a <a href='https://www.jstor.org/stable/2676784'>Jeffreys interval</a> based on the adjusted input sample size. (plot 2 of 2)",NA,"CompDat",2025-01-10 11:22:20.369488,"StartTime: Fri Jan 10 11:11:36 2025"
"sexratio_data_len_flt5mkt1.png","Sex ratios for length comps, discard, HnL.<br>Observed sex ratios (points) with 75% intervals (vertical lines) calculated as a <a href='https://www.jstor.org/stable/2676784'>Jeffreys interval</a> based on the adjusted input sample size.",NA,"CompDat",2025-01-10 11:22:20.369488,"StartTime: Fri Jan 10 11:11:36 2025"
"sexratio_data_len_flt7mkt0.png","Sex ratios for length comps, whole catch, Triennial.<br>Observed sex ratios (points) with 75% intervals (vertical lines) calculated as a <a href='https://www.jstor.org/stable/2676784'>Jeffreys interval</a> based on the adjusted input sample size.",NA,"CompDat",2025-01-10 11:22:20.369488,"StartTime: Fri Jan 10 11:11:36 2025"
"sexratio_data_len_flt8mkt0.png","Sex ratios for length comps, whole catch, NWFSC.<br>Observed sex ratios (points) with 75% intervals (vertical lines) calculated as a <a href='https://www.jstor.org/stable/2676784'>Jeffreys interval</a> based on the adjusted input sample size.",NA,"CompDat",2025-01-10 11:22:20.369488,"StartTime: Fri Jan 10 11:11:36 2025"
"comp_agedat__aggregated_across_time.png","Age comp data, aggregated across time by fleet.
 <br> Labels 'retained' and 'discard' indicate discarded or retained sampled for each fleet. Panels without this designation represent the whole catch.
",NA,"CompDat",2025-01-10 11:22:20.369488,"StartTime: Fri Jan 10 11:11:36 2025"
"comp_agedat__multi-fleet_comparison.png","Age comp data,  comparing across fleets",NA,"CompDat",2025-01-10 11:22:20.369488,"StartTime: Fri Jan 10 11:11:36 2025"
"comp_agedat_flt1mkt2_page1.png","Age comp data, retained, BottomTrawl (plot 1 of 2).<br><br>'N adj.' is the input sample size after data-weighting adjustment. N eff. is the calculated effective sample size used in the McAllister-Ianelli tuning method.",NA,"CompDat",2025-01-10 11:22:20.369488,"StartTime: Fri Jan 10 11:11:36 2025"
"comp_agedat_flt1mkt2_page2.png","Age comp data, retained, BottomTrawl (plot 1 of 2).<br><br>'N adj.' is the input sample size after data-weighting adjustment. N eff. is the calculated effective sample size used in the McAllister-Ianelli tuning method. (plot 2 of 2)",NA,"CompDat",2025-01-10 11:22:20.369488,"StartTime: Fri Jan 10 11:11:36 2025"
"comp_agedat_bubflt1mkt2_page2.png","Age comp data, retained, BottomTrawl (max=0.49) (plot 2 of 2)",NA,"CompDat",2025-01-10 11:22:20.369488,"StartTime: Fri Jan 10 11:11:36 2025"
"comp_agedat_data_weighting_TA1-8_BottomTrawl.png","Mean age for BottomTrawl with 95% confidence intervals based on current sample sizes.",NA,"CompDat",2025-01-10 11:22:20.369488,"StartTime: Fri Jan 10 11:11:36 2025"
"comp_agedat_flt2mkt2_page1.png","Age comp data, retained, MidwaterTrawl (plot 1 of 2).<br><br>'N adj.' is the input sample size after data-weighting adjustment. N eff. is the calculated effective sample size used in the McAllister-Ianelli tuning method.",NA,"CompDat",2025-01-10 11:22:20.369488,"StartTime: Fri Jan 10 11:11:36 2025"
"comp_agedat_flt2mkt2_page2.png","Age comp data, retained, MidwaterTrawl (plot 1 of 2).<br><br>'N adj.' is the input sample size after data-weighting adjustment. N eff. is the calculated effective sample size used in the McAllister-Ianelli tuning method. (plot 2 of 2)",NA,"CompDat",2025-01-10 11:22:20.369488,"StartTime: Fri Jan 10 11:11:36 2025"
"comp_agedat_bubflt2mkt2_page2.png","Age comp data, retained, MidwaterTrawl (max=0.24) (plot 2 of 2)",NA,"CompDat",2025-01-10 11:22:20.369488,"StartTime: Fri Jan 10 11:11:36 2025"
"comp_agedat_data_weighting_TA1-8_MidwaterTrawl.png","Mean age for MidwaterTrawl with 95% confidence intervals based on current sample sizes.",NA,"CompDat",2025-01-10 11:22:20.369488,"StartTime: Fri Jan 10 11:11:36 2025"
"comp_agedat_flt3mkt2_page1.png","Age comp data, retained, Hake (plot 1 of 2).<br><br>'N adj.' is the input sample size after data-weighting adjustment. N eff. is the calculated effective sample size used in the McAllister-Ianelli tuning method.",NA,"CompDat",2025-01-10 11:22:20.369488,"StartTime: Fri Jan 10 11:11:36 2025"
"comp_agedat_flt3mkt2_page2.png","Age comp data, retained, Hake (plot 1 of 2).<br><br>'N adj.' is the input sample size after data-weighting adjustment. N eff. is the calculated effective sample size used in the McAllister-Ianelli tuning method. (plot 2 of 2)",NA,"CompDat",2025-01-10 11:22:20.369488,"StartTime: Fri Jan 10 11:11:36 2025"
"comp_agedat_bubflt3mkt2_page2.png","Age comp data, retained, Hake (max=0.19) (plot 2 of 2)",NA,"CompDat",2025-01-10 11:22:20.369488,"StartTime: Fri Jan 10 11:11:36 2025"
"comp_agedat_data_weighting_TA1-8_Hake.png","Mean age for Hake with 95% confidence intervals based on current sample sizes.",NA,"CompDat",2025-01-10 11:22:20.369488,"StartTime: Fri Jan 10 11:11:36 2025"
"comp_agedat_flt4mkt2.png","Age comp data, retained, Net.<br><br>'N adj.' is the input sample size after data-weighting adjustment. N eff. is the calculated effective sample size used in the McAllister-Ianelli tuning method.",NA,"CompDat",2025-01-10 11:22:20.369488,"StartTime: Fri Jan 10 11:11:36 2025"
"comp_agedat_bubflt4mkt2.png","Age comp data, retained, Net (max=0.3)",NA,"CompDat",2025-01-10 11:22:20.369488,"StartTime: Fri Jan 10 11:11:36 2025"
"comp_agedat_data_weighting_TA1-8_Net.png","Mean age for Net with 95% confidence intervals based on current sample sizes.",NA,"CompDat",2025-01-10 11:22:20.369488,"StartTime: Fri Jan 10 11:11:36 2025"
"comp_agedat_flt5mkt2.png","Age comp data, retained, HnL.<br><br>'N adj.' is the input sample size after data-weighting adjustment. N eff. is the calculated effective sample size used in the McAllister-Ianelli tuning method.",NA,"CompDat",2025-01-10 11:22:20.369488,"StartTime: Fri Jan 10 11:11:36 2025"
"comp_agedat_bubflt5mkt2.png","Age comp data, retained, HnL (max=0.87)",NA,"CompDat",2025-01-10 11:22:20.369488,"StartTime: Fri Jan 10 11:11:36 2025"
"comp_agedat_data_weighting_TA1-8_HnL.png","Mean age for HnL with 95% confidence intervals based on current sample sizes.",NA,"CompDat",2025-01-10 11:22:20.369488,"StartTime: Fri Jan 10 11:11:36 2025"
"comp_gstagedat_flt8mkt0.png","Excluded age comp data, whole catch, NWFSC.<br><br>'N adj.' is the input sample size after data-weighting adjustment. N eff. is the calculated effective sample size used in the McAllister-Ianelli tuning method.",NA,"CompDat",2025-01-10 11:22:20.369488,"StartTime: Fri Jan 10 11:11:36 2025"
"comp_gstagedat_bubflt8mkt0.png","Excluded age comp data, whole catch, NWFSC (max=0.99)",NA,"CompDat",2025-01-10 11:22:20.369488,"StartTime: Fri Jan 10 11:11:36 2025"
"sexratio_data_age_flt1mkt2_page1.png","Sex ratios for age comps, retained, BottomTrawl (plot 1 of 2).<br>Observed sex ratios (points) with 75% intervals (vertical lines) calculated as a <a href='https://www.jstor.org/stable/2676784'>Jeffreys interval</a> based on the adjusted input sample size.",NA,"CompDat",2025-01-10 11:22:20.369488,"StartTime: Fri Jan 10 11:11:36 2025"
"sexratio_data_age_flt1mkt2_page2.png","Sex ratios for age comps, retained, BottomTrawl (plot 1 of 2).<br>Observed sex ratios (points) with 75% intervals (vertical lines) calculated as a <a href='https://www.jstor.org/stable/2676784'>Jeffreys interval</a> based on the adjusted input sample size. (plot 2 of 2)",NA,"CompDat",2025-01-10 11:22:20.369488,"StartTime: Fri Jan 10 11:11:36 2025"
"sexratio_data_age_flt2mkt2_page1.png","Sex ratios for age comps, retained, MidwaterTrawl (plot 1 of 2).<br>Observed sex ratios (points) with 75% intervals (vertical lines) calculated as a <a href='https://www.jstor.org/stable/2676784'>Jeffreys interval</a> based on the adjusted input sample size.",NA,"CompDat",2025-01-10 11:22:20.369488,"StartTime: Fri Jan 10 11:11:36 2025"
"sexratio_data_age_flt2mkt2_page2.png","Sex ratios for age comps, retained, MidwaterTrawl (plot 1 of 2).<br>Observed sex ratios (points) with 75% intervals (vertical lines) calculated as a <a href='https://www.jstor.org/stable/2676784'>Jeffreys interval</a> based on the adjusted input sample size. (plot 2 of 2)",NA,"CompDat",2025-01-10 11:22:20.369488,"StartTime: Fri Jan 10 11:11:36 2025"
"sexratio_data_age_flt3mkt2_page1.png","Sex ratios for age comps, retained, Hake (plot 1 of 2).<br>Observed sex ratios (points) with 75% intervals (vertical lines) calculated as a <a href='https://www.jstor.org/stable/2676784'>Jeffreys interval</a> based on the adjusted input sample size.",NA,"CompDat",2025-01-10 11:22:20.369488,"StartTime: Fri Jan 10 11:11:36 2025"
"sexratio_data_age_flt3mkt2_page2.png","Sex ratios for age comps, retained, Hake (plot 1 of 2).<br>Observed sex ratios (points) with 75% intervals (vertical lines) calculated as a <a href='https://www.jstor.org/stable/2676784'>Jeffreys interval</a> based on the adjusted input sample size. (plot 2 of 2)",NA,"CompDat",2025-01-10 11:22:20.369488,"StartTime: Fri Jan 10 11:11:36 2025"
"sexratio_data_age_flt4mkt2.png","Sex ratios for age comps, retained, Net.<br>Observed sex ratios (points) with 75% intervals (vertical lines) calculated as a <a href='https://www.jstor.org/stable/2676784'>Jeffreys interval</a> based on the adjusted input sample size.",NA,"CompDat",2025-01-10 11:22:20.369488,"StartTime: Fri Jan 10 11:11:36 2025"
"sexratio_data_age_flt5mkt2.png","Sex ratios for age comps, retained, HnL.<br>Observed sex ratios (points) with 75% intervals (vertical lines) calculated as a <a href='https://www.jstor.org/stable/2676784'>Jeffreys interval</a> based on the adjusted input sample size.",NA,"CompDat",2025-01-10 11:22:20.369488,"StartTime: Fri Jan 10 11:11:36 2025"
"comp_condAALdat_bubflt8mkt0_page1.png","Conditional age-at-length data, whole catch, NWFSC (max=1) (plot 1 of 2)",NA,"CompDat",2025-01-10 11:22:20.369488,"StartTime: Fri Jan 10 11:11:36 2025"
"comp_condAALdat_bubflt8mkt0_page2.png","Conditional age-at-length data, whole catch, NWFSC (max=1) (plot 2 of 2)",NA,"CompDat",2025-01-10 11:22:20.369488,"StartTime: Fri Jan 10 11:11:36 2025"
"comp_lenfit__aggregated_across_time.png","Length comps, aggregated across time by fleet.
 <br> Labels 'retained' and 'discard' indicate discarded or retained sampled for each fleet. Panels without this designation represent the whole catch.
",NA,"LenComp",2025-01-10 11:22:20.369488,"StartTime: Fri Jan 10 11:11:36 2025"
"comp_lenfit__page1_multi-fleet_comparison.png","Pearson residuals,  comparing across fleets (plot 1 of 2) <br> 
Closed bubbles are positive residuals (observed > expected) and open bubbles are negative residuals (observed < expected).",NA,"LenComp",2025-01-10 11:22:20.369488,"StartTime: Fri Jan 10 11:11:36 2025"
"comp_lenfit__page2_multi-fleet_comparison.png","Pearson residuals,  comparing across fleets (plot 2 of 2)",NA,"LenComp",2025-01-10 11:22:20.369488,"StartTime: Fri Jan 10 11:11:36 2025"
"comp_lenfit_flt1mkt2_page1.png","Length comps, retained, BottomTrawl (plot 1 of 2).<br><br>'N adj.' is the input sample size after data-weighting adjustment. N eff. is the calculated effective sample size used in the McAllister-Ianelli tuning method.",NA,"LenComp",2025-01-10 11:22:20.369488,"StartTime: Fri Jan 10 11:11:36 2025"
"comp_lenfit_flt1mkt2_page2.png","Length comps, retained, BottomTrawl (plot 1 of 2).<br><br>'N adj.' is the input sample size after data-weighting adjustment. N eff. is the calculated effective sample size used in the McAllister-Ianelli tuning method. (plot 2 of 2)",NA,"LenComp",2025-01-10 11:22:20.369488,"StartTime: Fri Jan 10 11:11:36 2025"
"comp_lenfit_residsflt1mkt2_page2.png","Pearson residuals, retained, BottomTrawl (max=13.53) (plot 2 of 2) <br> 
Closed bubbles are positive residuals (observed > expected) and open bubbles are negative residuals (observed < expected).",NA,"LenComp",2025-01-10 11:22:20.369488,"StartTime: Fri Jan 10 11:11:36 2025"
"comp_lenfit_sampsize_flt1mkt2.png","N-EffN comparison, Length comps, retained, BottomTrawl",NA,"LenComp",2025-01-10 11:22:20.369488,"StartTime: Fri Jan 10 11:11:36 2025"
"comp_lenfit_data_weighting_TA1-8_BottomTrawl.png","Mean length for BottomTrawl with 95% confidence intervals based on current sample sizes.<br>Francis data weighting method TA1.8: thinner intervals (with capped ends) show result of further adjusting sample sizes based on suggested multiplier (with 95% interval) for len data from BottomTrawl:<br>0.0559 (0.0424-0.0823) <br>For more info, see  <a href=https://doi.org/10.1139/f2011-025> Francis (2011)</a>.",NA,"LenComp",2025-01-10 11:22:20.369488,"StartTime: Fri Jan 10 11:11:36 2025"
"comp_lenfit_flt1mkt1.png","Length comps, discard, BottomTrawl.<br><br>'N adj.' is the input sample size after data-weighting adjustment. N eff. is the calculated effective sample size used in the McAllister-Ianelli tuning method.",NA,"LenComp",2025-01-10 11:22:20.369488,"StartTime: Fri Jan 10 11:11:36 2025"
"comp_lenfit_residsflt1mkt1.png","Pearson residuals, discard, BottomTrawl (max=44.74) <br> 
Closed bubbles are positive residuals (observed > expected) and open bubbles are negative residuals (observed < expected).",NA,"LenComp",2025-01-10 11:22:20.369488,"StartTime: Fri Jan 10 11:11:36 2025"
"comp_lenfit_sampsize_flt1mkt1.png","N-EffN comparison, Length comps, discard, BottomTrawl",NA,"LenComp",2025-01-10 11:22:20.369488,"StartTime: Fri Jan 10 11:11:36 2025"
"comp_lenfit_data_weighting_TA1-8_BottomTrawl.png","Mean length for BottomTrawl with 95% confidence intervals based on current sample sizes.<br>Francis data weighting method TA1.8: thinner intervals (with capped ends) show result of further adjusting sample sizes based on suggested multiplier (with 95% interval) for len data from BottomTrawl:<br>0.0559 (0.0432-0.0803) <br>For more info, see  <a href=https://doi.org/10.1139/f2011-025> Francis (2011)</a>.",NA,"LenComp",2025-01-10 11:22:20.369488,"StartTime: Fri Jan 10 11:11:36 2025"
"comp_lenfit_flt2mkt2_page1.png","Length comps, retained, MidwaterTrawl (plot 1 of 2).<br><br>'N adj.' is the input sample size after data-weighting adjustment. N eff. is the calculated effective sample size used in the McAllister-Ianelli tuning method.",NA,"LenComp",2025-01-10 11:22:20.369488,"StartTime: Fri Jan 10 11:11:36 2025"
"comp_lenfit_flt2mkt2_page2.png","Length comps, retained, MidwaterTrawl (plot 1 of 2).<br><br>'N adj.' is the input sample size after data-weighting adjustment. N eff. is the calculated effective sample size used in the McAllister-Ianelli tuning method. (plot 2 of 2)",NA,"LenComp",2025-01-10 11:22:20.369488,"StartTime: Fri Jan 10 11:11:36 2025"
"comp_lenfit_residsflt2mkt2_page2.png","Pearson residuals, retained, MidwaterTrawl (max=15.81) (plot 2 of 2) <br> 
Closed bubbles are positive residuals (observed > expected) and open bubbles are negative residuals (observed < expected).",NA,"LenComp",2025-01-10 11:22:20.369488,"StartTime: Fri Jan 10 11:11:36 2025"
"comp_lenfit_sampsize_flt2mkt2.png","N-EffN comparison, Length comps, retained, MidwaterTrawl",NA,"LenComp",2025-01-10 11:22:20.369488,"StartTime: Fri Jan 10 11:11:36 2025"
"comp_lenfit_data_weighting_TA1-8_MidwaterTrawl.png","Mean length for MidwaterTrawl with 95% confidence intervals based on current sample sizes.<br>Francis data weighting method TA1.8: thinner intervals (with capped ends) show result of further adjusting sample sizes based on suggested multiplier (with 95% interval) for len data from MidwaterTrawl:<br>0.044 (0.0289-0.0785) <br>For more info, see  <a href=https://doi.org/10.1139/f2011-025> Francis (2011)</a>.",NA,"LenComp",2025-01-10 11:22:20.369488,"StartTime: Fri Jan 10 11:11:36 2025"
"comp_lenfit_flt3mkt2_page1.png","Length comps, retained, Hake (plot 1 of 2).<br><br>'N adj.' is the input sample size after data-weighting adjustment. N eff. is the calculated effective sample size used in the McAllister-Ianelli tuning method.",NA,"LenComp",2025-01-10 11:22:20.369488,"StartTime: Fri Jan 10 11:11:36 2025"
"comp_lenfit_flt3mkt2_page2.png","Length comps, retained, Hake (plot 1 of 2).<br><br>'N adj.' is the input sample size after data-weighting adjustment. N eff. is the calculated effective sample size used in the McAllister-Ianelli tuning method. (plot 2 of 2)",NA,"LenComp",2025-01-10 11:22:20.369488,"StartTime: Fri Jan 10 11:11:36 2025"
"comp_lenfit_residsflt3mkt2_page2.png","Pearson residuals, retained, Hake (max=18.04) (plot 2 of 2) <br> 
Closed bubbles are positive residuals (observed > expected) and open bubbles are negative residuals (observed < expected).",NA,"LenComp",2025-01-10 11:22:20.369488,"StartTime: Fri Jan 10 11:11:36 2025"
"comp_lenfit_sampsize_flt3mkt2.png","N-EffN comparison, Length comps, retained, Hake",NA,"LenComp",2025-01-10 11:22:20.369488,"StartTime: Fri Jan 10 11:11:36 2025"
"comp_lenfit_data_weighting_TA1-8_Hake.png","Mean length for Hake with 95% confidence intervals based on current sample sizes.<br>Francis data weighting method TA1.8: thinner intervals (with capped ends) show result of further adjusting sample sizes based on suggested multiplier (with 95% interval) for len data from Hake:<br>0.0317 (0.0225-0.0574) <br>For more info, see  <a href=https://doi.org/10.1139/f2011-025> Francis (2011)</a>.",NA,"LenComp",2025-01-10 11:22:20.369488,"StartTime: Fri Jan 10 11:11:36 2025"
"comp_lenfit_flt4mkt2.png","Length comps, retained, Net.<br><br>'N adj.' is the input sample size after data-weighting adjustment. N eff. is the calculated effective sample size used in the McAllister-Ianelli tuning method.",NA,"LenComp",2025-01-10 11:22:20.369488,"StartTime: Fri Jan 10 11:11:36 2025"
"comp_lenfit_residsflt4mkt2.png","Pearson residuals, retained, Net (max=11.33) <br> 
Closed bubbles are positive residuals (observed > expected) and open bubbles are negative residuals (observed < expected).",NA,"LenComp",2025-01-10 11:22:20.369488,"StartTime: Fri Jan 10 11:11:36 2025"
"comp_lenfit_sampsize_flt4mkt2.png","N-EffN comparison, Length comps, retained, Net",NA,"LenComp",2025-01-10 11:22:20.369488,"StartTime: Fri Jan 10 11:11:36 2025"
"comp_lenfit_data_weighting_TA1-8_Net.png","Mean length for Net with 95% confidence intervals based on current sample sizes.<br>Francis data weighting method TA1.8: thinner intervals (with capped ends) show result of further adjusting sample sizes based on suggested multiplier (with 95% interval) for len data from Net:<br>0.1233 (0.0769-0.3401) <br>For more info, see  <a href=https://doi.org/10.1139/f2011-025> Francis (2011)</a>.",NA,"LenComp",2025-01-10 11:22:20.369488,"StartTime: Fri Jan 10 11:11:36 2025"
"comp_lenfit_flt5mkt2_page1.png","Length comps, retained, HnL (plot 1 of 2).<br><br>'N adj.' is the input sample size after data-weighting adjustment. N eff. is the calculated effective sample size used in the McAllister-Ianelli tuning method.",NA,"LenComp",2025-01-10 11:22:20.369488,"StartTime: Fri Jan 10 11:11:36 2025"
"comp_lenfit_flt5mkt2_page2.png","Length comps, retained, HnL (plot 1 of 2).<br><br>'N adj.' is the input sample size after data-weighting adjustment. N eff. is the calculated effective sample size used in the McAllister-Ianelli tuning method. (plot 2 of 2)",NA,"LenComp",2025-01-10 11:22:20.369488,"StartTime: Fri Jan 10 11:11:36 2025"
"comp_lenfit_residsflt5mkt2_page2.png","Pearson residuals, retained, HnL (max=11.94) (plot 2 of 2) <br> 
Closed bubbles are positive residuals (observed > expected) and open bubbles are negative residuals (observed < expected).",NA,"LenComp",2025-01-10 11:22:20.369488,"StartTime: Fri Jan 10 11:11:36 2025"
"comp_lenfit_sampsize_flt5mkt2.png","N-EffN comparison, Length comps, retained, HnL",NA,"LenComp",2025-01-10 11:22:20.369488,"StartTime: Fri Jan 10 11:11:36 2025"
"comp_lenfit_data_weighting_TA1-8_HnL.png","Mean length for HnL with 95% confidence intervals based on current sample sizes.<br>Francis data weighting method TA1.8: thinner intervals (with capped ends) show result of further adjusting sample sizes based on suggested multiplier (with 95% interval) for len data from HnL:<br>0.0183 (0.0081-0.1047) <br>For more info, see  <a href=https://doi.org/10.1139/f2011-025> Francis (2011)</a>.",NA,"LenComp",2025-01-10 11:22:20.369488,"StartTime: Fri Jan 10 11:11:36 2025"
"comp_lenfit_flt5mkt1.png","Length comps, discard, HnL.<br><br>'N adj.' is the input sample size after data-weighting adjustment. N eff. is the calculated effective sample size used in the McAllister-Ianelli tuning method.",NA,"LenComp",2025-01-10 11:22:20.369488,"StartTime: Fri Jan 10 11:11:36 2025"
"comp_lenfit_residsflt5mkt1.png","Pearson residuals, discard, HnL (max=133.08) <br> 
Closed bubbles are positive residuals (observed > expected) and open bubbles are negative residuals (observed < expected).",NA,"LenComp",2025-01-10 11:22:20.369488,"StartTime: Fri Jan 10 11:11:36 2025"
"comp_lenfit_sampsize_flt5mkt1.png","N-EffN comparison, Length comps, discard, HnL",NA,"LenComp",2025-01-10 11:22:20.369488,"StartTime: Fri Jan 10 11:11:36 2025"
"comp_lenfit_data_weighting_TA1-8_HnL.png","Mean length for HnL with 95% confidence intervals based on current sample sizes.<br>Francis data weighting method TA1.8: thinner intervals (with capped ends) show result of further adjusting sample sizes based on suggested multiplier (with 95% interval) for len data from HnL:<br>0.0183 (0.0081-0.1061) <br>For more info, see  <a href=https://doi.org/10.1139/f2011-025> Francis (2011)</a>.",NA,"LenComp",2025-01-10 11:22:20.369488,"StartTime: Fri Jan 10 11:11:36 2025"
"comp_lenfit_flt7mkt0.png","Length comps, whole catch, Triennial.<br><br>'N adj.' is the input sample size after data-weighting adjustment. N eff. is the calculated effective sample size used in the McAllister-Ianelli tuning method.",NA,"LenComp",2025-01-10 11:22:20.369488,"StartTime: Fri Jan 10 11:11:36 2025"
"comp_lenfit_residsflt7mkt0.png","Pearson residuals, whole catch, Triennial (max=67.08) <br> 
Closed bubbles are positive residuals (observed > expected) and open bubbles are negative residuals (observed < expected).",NA,"LenComp",2025-01-10 11:22:20.369488,"StartTime: Fri Jan 10 11:11:36 2025"
"comp_lenfit_sampsize_flt7mkt0.png","N-EffN comparison, Length comps, whole catch, Triennial",NA,"LenComp",2025-01-10 11:22:20.369488,"StartTime: Fri Jan 10 11:11:36 2025"
"comp_lenfit_data_weighting_TA1-8_Triennial.png","Mean length for Triennial with 95% confidence intervals based on current sample sizes.<br>Francis data weighting method TA1.8: thinner intervals (with capped ends) show result of further adjusting sample sizes based on suggested multiplier (with 95% interval) for len data from Triennial:<br>0.0913 (0.0558-0.4144) <br>For more info, see  <a href=https://doi.org/10.1139/f2011-025> Francis (2011)</a>.",NA,"LenComp",2025-01-10 11:22:20.369488,"StartTime: Fri Jan 10 11:11:36 2025"
"comp_lenfit_flt8mkt0.png","Length comps, whole catch, NWFSC.<br><br>'N adj.' is the input sample size after data-weighting adjustment. N eff. is the calculated effective sample size used in the McAllister-Ianelli tuning method.",NA,"LenComp",2025-01-10 11:22:20.369488,"StartTime: Fri Jan 10 11:11:36 2025"
"comp_lenfit_residsflt8mkt0.png","Pearson residuals, whole catch, NWFSC (max=19.38) <br> 
Closed bubbles are positive residuals (observed > expected) and open bubbles are negative residuals (observed < expected).",NA,"LenComp",2025-01-10 11:22:20.369488,"StartTime: Fri Jan 10 11:11:36 2025"
"comp_lenfit_sampsize_flt8mkt0.png","N-EffN comparison, Length comps, whole catch, NWFSC",NA,"LenComp",2025-01-10 11:22:20.369488,"StartTime: Fri Jan 10 11:11:36 2025"
"comp_lenfit_data_weighting_TA1-8_NWFSC.png","Mean length for NWFSC with 95% confidence intervals based on current sample sizes.<br>Francis data weighting method TA1.8: thinner intervals (with capped ends) show result of further adjusting sample sizes based on suggested multiplier (with 95% interval) for len data from NWFSC:<br>0.1086 (0.081-0.2011) <br>For more info, see  <a href=https://doi.org/10.1139/f2011-025> Francis (2011)</a>.",NA,"LenComp",2025-01-10 11:22:20.369488,"StartTime: Fri Jan 10 11:11:36 2025"
"sexratio_len_flt1mkt2_page1.png","Sex ratios for length comps, retained, BottomTrawl (plot 1 of 2).<br>Observed sex ratios (points) with 75% intervals (vertical lines) calculated as a <a href='https://www.jstor.org/stable/2676784'>Jeffreys interval</a> based on the adjusted input sample size. The model expectation is shown  in the purple line.",NA,"LenComp",2025-01-10 11:22:20.369488,"StartTime: Fri Jan 10 11:11:36 2025"
"sexratio_len_flt1mkt2_page2.png","Sex ratios for length comps, retained, BottomTrawl (plot 1 of 2).<br>Observed sex ratios (points) with 75% intervals (vertical lines) calculated as a <a href='https://www.jstor.org/stable/2676784'>Jeffreys interval</a> based on the adjusted input sample size. The model expectation is shown  in the purple line. (plot 2 of 2)",NA,"LenComp",2025-01-10 11:22:20.369488,"StartTime: Fri Jan 10 11:11:36 2025"
"sexratio_len_flt1mkt1.png","Sex ratios for length comps, discard, BottomTrawl.<br>Observed sex ratios (points) with 75% intervals (vertical lines) calculated as a <a href='https://www.jstor.org/stable/2676784'>Jeffreys interval</a> based on the adjusted input sample size. The model expectation is shown  in the purple line.",NA,"LenComp",2025-01-10 11:22:20.369488,"StartTime: Fri Jan 10 11:11:36 2025"
"sexratio_len_flt2mkt2_page1.png","Sex ratios for length comps, retained, MidwaterTrawl (plot 1 of 2).<br>Observed sex ratios (points) with 75% intervals (vertical lines) calculated as a <a href='https://www.jstor.org/stable/2676784'>Jeffreys interval</a> based on the adjusted input sample size. The model expectation is shown  in the purple line.",NA,"LenComp",2025-01-10 11:22:20.369488,"StartTime: Fri Jan 10 11:11:36 2025"
"sexratio_len_flt2mkt2_page2.png","Sex ratios for length comps, retained, MidwaterTrawl (plot 1 of 2).<br>Observed sex ratios (points) with 75% intervals (vertical lines) calculated as a <a href='https://www.jstor.org/stable/2676784'>Jeffreys interval</a> based on the adjusted input sample size. The model expectation is shown  in the purple line. (plot 2 of 2)",NA,"LenComp",2025-01-10 11:22:20.369488,"StartTime: Fri Jan 10 11:11:36 2025"
"sexratio_len_flt3mkt2_page1.png","Sex ratios for length comps, retained, Hake (plot 1 of 2).<br>Observed sex ratios (points) with 75% intervals (vertical lines) calculated as a <a href='https://www.jstor.org/stable/2676784'>Jeffreys interval</a> based on the adjusted input sample size. The model expectation is shown  in the purple line.",NA,"LenComp",2025-01-10 11:22:20.369488,"StartTime: Fri Jan 10 11:11:36 2025"
"sexratio_len_flt3mkt2_page2.png","Sex ratios for length comps, retained, Hake (plot 1 of 2).<br>Observed sex ratios (points) with 75% intervals (vertical lines) calculated as a <a href='https://www.jstor.org/stable/2676784'>Jeffreys interval</a> based on the adjusted input sample size. The model expectation is shown  in the purple line. (plot 2 of 2)",NA,"LenComp",2025-01-10 11:22:20.369488,"StartTime: Fri Jan 10 11:11:36 2025"
"sexratio_len_flt4mkt2.png","Sex ratios for length comps, retained, Net.<br>Observed sex ratios (points) with 75% intervals (vertical lines) calculated as a <a href='https://www.jstor.org/stable/2676784'>Jeffreys interval</a> based on the adjusted input sample size. The model expectation is shown  in the purple line.",NA,"LenComp",2025-01-10 11:22:20.369488,"StartTime: Fri Jan 10 11:11:36 2025"
"sexratio_len_flt5mkt2_page1.png","Sex ratios for length comps, retained, HnL (plot 1 of 2).<br>Observed sex ratios (points) with 75% intervals (vertical lines) calculated as a <a href='https://www.jstor.org/stable/2676784'>Jeffreys interval</a> based on the adjusted input sample size. The model expectation is shown  in the purple line.",NA,"LenComp",2025-01-10 11:22:20.369488,"StartTime: Fri Jan 10 11:11:36 2025"
"sexratio_len_flt5mkt2_page2.png","Sex ratios for length comps, retained, HnL (plot 1 of 2).<br>Observed sex ratios (points) with 75% intervals (vertical lines) calculated as a <a href='https://www.jstor.org/stable/2676784'>Jeffreys interval</a> based on the adjusted input sample size. The model expectation is shown  in the purple line. (plot 2 of 2)",NA,"LenComp",2025-01-10 11:22:20.369488,"StartTime: Fri Jan 10 11:11:36 2025"
"sexratio_len_flt5mkt1.png","Sex ratios for length comps, discard, HnL.<br>Observed sex ratios (points) with 75% intervals (vertical lines) calculated as a <a href='https://www.jstor.org/stable/2676784'>Jeffreys interval</a> based on the adjusted input sample size. The model expectation is shown  in the purple line.",NA,"LenComp",2025-01-10 11:22:20.369488,"StartTime: Fri Jan 10 11:11:36 2025"
"sexratio_len_flt7mkt0.png","Sex ratios for length comps, whole catch, Triennial.<br>Observed sex ratios (points) with 75% intervals (vertical lines) calculated as a <a href='https://www.jstor.org/stable/2676784'>Jeffreys interval</a> based on the adjusted input sample size. The model expectation is shown  in the purple line.",NA,"LenComp",2025-01-10 11:22:20.369488,"StartTime: Fri Jan 10 11:11:36 2025"
"sexratio_len_flt8mkt0.png","Sex ratios for length comps, whole catch, NWFSC.<br>Observed sex ratios (points) with 75% intervals (vertical lines) calculated as a <a href='https://www.jstor.org/stable/2676784'>Jeffreys interval</a> based on the adjusted input sample size. The model expectation is shown  in the purple line.",NA,"LenComp",2025-01-10 11:22:20.369488,"StartTime: Fri Jan 10 11:11:36 2025"
"comp_agefit__aggregated_across_time.png","Age comps, aggregated across time by fleet.
 <br> Labels 'retained' and 'discard' indicate discarded or retained sampled for each fleet. Panels without this designation represent the whole catch.
",NA,"AgeComp",2025-01-10 11:22:20.369488,"StartTime: Fri Jan 10 11:11:36 2025"
"comp_agefit__multi-fleet_comparison.png","Pearson residuals,  comparing across fleets <br> 
Closed bubbles are positive residuals (observed > expected) and open bubbles are negative residuals (observed < expected).",NA,"AgeComp",2025-01-10 11:22:20.369488,"StartTime: Fri Jan 10 11:11:36 2025"
"comp_agefit_flt1mkt2_page1.png","Age comps, retained, BottomTrawl (plot 1 of 2).<br><br>'N adj.' is the input sample size after data-weighting adjustment. N eff. is the calculated effective sample size used in the McAllister-Ianelli tuning method.",NA,"AgeComp",2025-01-10 11:22:20.369488,"StartTime: Fri Jan 10 11:11:36 2025"
"comp_agefit_flt1mkt2_page2.png","Age comps, retained, BottomTrawl (plot 1 of 2).<br><br>'N adj.' is the input sample size after data-weighting adjustment. N eff. is the calculated effective sample size used in the McAllister-Ianelli tuning method. (plot 2 of 2)",NA,"AgeComp",2025-01-10 11:22:20.369488,"StartTime: Fri Jan 10 11:11:36 2025"
"comp_agefit_residsflt1mkt2_page2.png","Pearson residuals, retained, BottomTrawl (max=17.91) (plot 2 of 2) <br> 
Closed bubbles are positive residuals (observed > expected) and open bubbles are negative residuals (observed < expected).",NA,"AgeComp",2025-01-10 11:22:20.369488,"StartTime: Fri Jan 10 11:11:36 2025"
"comp_agefit_sampsize_flt1mkt2.png","N-EffN comparison, Age comps, retained, BottomTrawl",NA,"AgeComp",2025-01-10 11:22:20.369488,"StartTime: Fri Jan 10 11:11:36 2025"
"comp_agefit_data_weighting_TA1-8_BottomTrawl.png","Mean age for BottomTrawl with 95% confidence intervals based on current sample sizes.<br>Francis data weighting method TA1.8: thinner intervals (with capped ends) show result of further adjusting sample sizes based on suggested multiplier (with 95% interval) for age data from BottomTrawl:<br>0.1767 (0.1334-0.2701) <br>For more info, see  <a href=https://doi.org/10.1139/f2011-025> Francis (2011)</a>.",NA,"AgeComp",2025-01-10 11:22:20.369488,"StartTime: Fri Jan 10 11:11:36 2025"
"comp_agefit_flt2mkt2_page1.png","Age comps, retained, MidwaterTrawl (plot 1 of 2).<br><br>'N adj.' is the input sample size after data-weighting adjustment. N eff. is the calculated effective sample size used in the McAllister-Ianelli tuning method.",NA,"AgeComp",2025-01-10 11:22:20.369488,"StartTime: Fri Jan 10 11:11:36 2025"
"comp_agefit_flt2mkt2_page2.png","Age comps, retained, MidwaterTrawl (plot 1 of 2).<br><br>'N adj.' is the input sample size after data-weighting adjustment. N eff. is the calculated effective sample size used in the McAllister-Ianelli tuning method. (plot 2 of 2)",NA,"AgeComp",2025-01-10 11:22:20.369488,"StartTime: Fri Jan 10 11:11:36 2025"
"comp_agefit_residsflt2mkt2_page2.png","Pearson residuals, retained, MidwaterTrawl (max=11) (plot 2 of 2) <br> 
Closed bubbles are positive residuals (observed > expected) and open bubbles are negative residuals (observed < expected).",NA,"AgeComp",2025-01-10 11:22:20.369488,"StartTime: Fri Jan 10 11:11:36 2025"
"comp_agefit_sampsize_flt2mkt2.png","N-EffN comparison, Age comps, retained, MidwaterTrawl",NA,"AgeComp",2025-01-10 11:22:20.369488,"StartTime: Fri Jan 10 11:11:36 2025"
"comp_agefit_data_weighting_TA1-8_MidwaterTrawl.png","Mean age for MidwaterTrawl with 95% confidence intervals based on current sample sizes.<br>Francis data weighting method TA1.8: thinner intervals (with capped ends) show result of further adjusting sample sizes based on suggested multiplier (with 95% interval) for age data from MidwaterTrawl:<br>0.1265 (0.0875-0.2118) <br>For more info, see  <a href=https://doi.org/10.1139/f2011-025> Francis (2011)</a>.",NA,"AgeComp",2025-01-10 11:22:20.369488,"StartTime: Fri Jan 10 11:11:36 2025"
"comp_agefit_flt3mkt2_page1.png","Age comps, retained, Hake (plot 1 of 2).<br><br>'N adj.' is the input sample size after data-weighting adjustment. N eff. is the calculated effective sample size used in the McAllister-Ianelli tuning method.",NA,"AgeComp",2025-01-10 11:22:20.369488,"StartTime: Fri Jan 10 11:11:36 2025"
"comp_agefit_flt3mkt2_page2.png","Age comps, retained, Hake (plot 1 of 2).<br><br>'N adj.' is the input sample size after data-weighting adjustment. N eff. is the calculated effective sample size used in the McAllister-Ianelli tuning method. (plot 2 of 2)",NA,"AgeComp",2025-01-10 11:22:20.369488,"StartTime: Fri Jan 10 11:11:36 2025"
"comp_agefit_residsflt3mkt2_page2.png","Pearson residuals, retained, Hake (max=10.23) (plot 2 of 2) <br> 
Closed bubbles are positive residuals (observed > expected) and open bubbles are negative residuals (observed < expected).",NA,"AgeComp",2025-01-10 11:22:20.369488,"StartTime: Fri Jan 10 11:11:36 2025"
"comp_agefit_sampsize_flt3mkt2.png","N-EffN comparison, Age comps, retained, Hake",NA,"AgeComp",2025-01-10 11:22:20.369488,"StartTime: Fri Jan 10 11:11:36 2025"
"comp_agefit_data_weighting_TA1-8_Hake.png","Mean age for Hake with 95% confidence intervals based on current sample sizes.<br>Francis data weighting method TA1.8: thinner intervals (with capped ends) show result of further adjusting sample sizes based on suggested multiplier (with 95% interval) for age data from Hake:<br>0.1771 (0.1161-0.4099) <br>For more info, see  <a href=https://doi.org/10.1139/f2011-025> Francis (2011)</a>.",NA,"AgeComp",2025-01-10 11:22:20.369488,"StartTime: Fri Jan 10 11:11:36 2025"
"comp_agefit_flt4mkt2.png","Age comps, retained, Net.<br><br>'N adj.' is the input sample size after data-weighting adjustment. N eff. is the calculated effective sample size used in the McAllister-Ianelli tuning method.",NA,"AgeComp",2025-01-10 11:22:20.369488,"StartTime: Fri Jan 10 11:11:36 2025"
"comp_agefit_residsflt4mkt2.png","Pearson residuals, retained, Net (max=10.12) <br> 
Closed bubbles are positive residuals (observed > expected) and open bubbles are negative residuals (observed < expected).",NA,"AgeComp",2025-01-10 11:22:20.369488,"StartTime: Fri Jan 10 11:11:36 2025"
"comp_agefit_sampsize_flt4mkt2.png","N-EffN comparison, Age comps, retained, Net",NA,"AgeComp",2025-01-10 11:22:20.369488,"StartTime: Fri Jan 10 11:11:36 2025"
"comp_agefit_data_weighting_TA1-8_Net.png","Mean age for Net with 95% confidence intervals based on current sample sizes.<br>Francis data weighting method TA1.8: thinner intervals (with capped ends) show result of further adjusting sample sizes based on suggested multiplier (with 95% interval) for age data from Net:<br>0.1636 (0.1007-0.4478) <br>For more info, see  <a href=https://doi.org/10.1139/f2011-025> Francis (2011)</a>.",NA,"AgeComp",2025-01-10 11:22:20.369488,"StartTime: Fri Jan 10 11:11:36 2025"
"comp_agefit_flt5mkt2.png","Age comps, retained, HnL.<br><br>'N adj.' is the input sample size after data-weighting adjustment. N eff. is the calculated effective sample size used in the McAllister-Ianelli tuning method.",NA,"AgeComp",2025-01-10 11:22:20.369488,"StartTime: Fri Jan 10 11:11:36 2025"
"comp_agefit_residsflt5mkt2.png","Pearson residuals, retained, HnL (max=16) <br> 
Closed bubbles are positive residuals (observed > expected) and open bubbles are negative residuals (observed < expected).",NA,"AgeComp",2025-01-10 11:22:20.369488,"StartTime: Fri Jan 10 11:11:36 2025"
"comp_agefit_sampsize_flt5mkt2.png","N-EffN comparison, Age comps, retained, HnL",NA,"AgeComp",2025-01-10 11:22:20.369488,"StartTime: Fri Jan 10 11:11:36 2025"
"comp_agefit_data_weighting_TA1-8_HnL.png","Mean age for HnL with 95% confidence intervals based on current sample sizes.<br>Francis data weighting method TA1.8: thinner intervals (with capped ends) show result of further adjusting sample sizes based on suggested multiplier (with 95% interval) for age data from HnL:<br>0.4483 (0.337-0.7703) <br>For more info, see  <a href=https://doi.org/10.1139/f2011-025> Francis (2011)</a>.",NA,"AgeComp",2025-01-10 11:22:20.369488,"StartTime: Fri Jan 10 11:11:36 2025"
"comp_gstagefit_flt8mkt0.png","Excluded age comps, whole catch, NWFSC.<br><br>'N adj.' is the input sample size after data-weighting adjustment. N eff. is the calculated effective sample size used in the McAllister-Ianelli tuning method.",NA,"AgeComp",2025-01-10 11:22:20.369488,"StartTime: Fri Jan 10 11:11:36 2025"
"comp_gstagefit_residsflt8mkt0.png","Pearson residuals, whole catch, NWFSC (max=NA) <br> 
Closed bubbles are positive residuals (observed > expected) and open bubbles are negative residuals (observed < expected).",NA,"AgeComp",2025-01-10 11:22:20.369488,"StartTime: Fri Jan 10 11:11:36 2025"
"sexratio_age_flt1mkt2_page1.png","Sex ratios for age comps, retained, BottomTrawl (plot 1 of 2).<br>Observed sex ratios (points) with 75% intervals (vertical lines) calculated as a <a href='https://www.jstor.org/stable/2676784'>Jeffreys interval</a> based on the adjusted input sample size. The model expectation is shown  in the purple line.",NA,"AgeComp",2025-01-10 11:22:20.369488,"StartTime: Fri Jan 10 11:11:36 2025"
"sexratio_age_flt1mkt2_page2.png","Sex ratios for age comps, retained, BottomTrawl (plot 1 of 2).<br>Observed sex ratios (points) with 75% intervals (vertical lines) calculated as a <a href='https://www.jstor.org/stable/2676784'>Jeffreys interval</a> based on the adjusted input sample size. The model expectation is shown  in the purple line. (plot 2 of 2)",NA,"AgeComp",2025-01-10 11:22:20.369488,"StartTime: Fri Jan 10 11:11:36 2025"
"sexratio_age_flt2mkt2_page1.png","Sex ratios for age comps, retained, MidwaterTrawl (plot 1 of 2).<br>Observed sex ratios (points) with 75% intervals (vertical lines) calculated as a <a href='https://www.jstor.org/stable/2676784'>Jeffreys interval</a> based on the adjusted input sample size. The model expectation is shown  in the purple line.",NA,"AgeComp",2025-01-10 11:22:20.369488,"StartTime: Fri Jan 10 11:11:36 2025"
"sexratio_age_flt2mkt2_page2.png","Sex ratios for age comps, retained, MidwaterTrawl (plot 1 of 2).<br>Observed sex ratios (points) with 75% intervals (vertical lines) calculated as a <a href='https://www.jstor.org/stable/2676784'>Jeffreys interval</a> based on the adjusted input sample size. The model expectation is shown  in the purple line. (plot 2 of 2)",NA,"AgeComp",2025-01-10 11:22:20.369488,"StartTime: Fri Jan 10 11:11:36 2025"
"sexratio_age_flt3mkt2_page1.png","Sex ratios for age comps, retained, Hake (plot 1 of 2).<br>Observed sex ratios (points) with 75% intervals (vertical lines) calculated as a <a href='https://www.jstor.org/stable/2676784'>Jeffreys interval</a> based on the adjusted input sample size. The model expectation is shown  in the purple line.",NA,"AgeComp",2025-01-10 11:22:20.369488,"StartTime: Fri Jan 10 11:11:36 2025"
"sexratio_age_flt3mkt2_page2.png","Sex ratios for age comps, retained, Hake (plot 1 of 2).<br>Observed sex ratios (points) with 75% intervals (vertical lines) calculated as a <a href='https://www.jstor.org/stable/2676784'>Jeffreys interval</a> based on the adjusted input sample size. The model expectation is shown  in the purple line. (plot 2 of 2)",NA,"AgeComp",2025-01-10 11:22:20.369488,"StartTime: Fri Jan 10 11:11:36 2025"
"sexratio_age_flt4mkt2.png","Sex ratios for age comps, retained, Net.<br>Observed sex ratios (points) with 75% intervals (vertical lines) calculated as a <a href='https://www.jstor.org/stable/2676784'>Jeffreys interval</a> based on the adjusted input sample size. The model expectation is shown  in the purple line.",NA,"AgeComp",2025-01-10 11:22:20.369488,"StartTime: Fri Jan 10 11:11:36 2025"
"sexratio_age_flt5mkt2.png","Sex ratios for age comps, retained, HnL.<br>Observed sex ratios (points) with 75% intervals (vertical lines) calculated as a <a href='https://www.jstor.org/stable/2676784'>Jeffreys interval</a> based on the adjusted input sample size. The model expectation is shown  in the purple line.",NA,"AgeComp",2025-01-10 11:22:20.369488,"StartTime: Fri Jan 10 11:11:36 2025"
"comp_condAALfit_residsflt8mkt0_page1.png","Pearson residuals, whole catch, NWFSC (max=61.8) (plot 1 of 2)",NA,"A@LComp",2025-01-10 11:22:20.369488,"StartTime: Fri Jan 10 11:11:36 2025"
"comp_condAALfit_residsflt8mkt0_page2.png","Pearson residuals, whole catch, NWFSC (max=61.8) (plot 2 of 2)",NA,"A@LComp",2025-01-10 11:22:20.369488,"StartTime: Fri Jan 10 11:11:36 2025"
"comp_condAALfit_data_weighting_TA1-8_condAgeNWFSC.png","Mean age from conditional data (aggregated across length bins) for NWFSC with 95% confidence intervals  based on current samples sizes.<br>Francis data weighting method TA1.8: thinner intervals (with capped ends) show result of further adjusting sample sizes based on suggested multiplier (with 95% interval) for conditional age-at-length data from NWFSC:<br>0.2164 (0.1351-0.4757) <br>For more info, see  <a href=https://doi.org/10.1139/f2011-025> Francis (2011)</a> and  <a href=https://doi.org/10.1016/j.fishres.2015.12.006> Punt (2017)</a>.",NA,"A@LComp",2025-01-10 11:22:20.369488,"StartTime: Fri Jan 10 11:11:36 2025"
"comp_condAALfit_Andre_plotsflt8mkt0_page1.png","Conditional AAL plot, whole catch, NWFSC (plot 1 of 4)
These plots show mean age and std. dev. in conditional A@L.<br>Left plots are mean A@L by size-class (obs. and exp.) with 90% CIs based on adding 1.64 SE of mean to the data.<br>Right plots in each pair are SE of mean A@L (obs. and exp.) with 90% CIs based on the chi-square distribution.",NA,"A@LComp",2025-01-10 11:22:20.369488,"StartTime: Fri Jan 10 11:11:36 2025"
"comp_condAALfit_Andre_plotsflt8mkt0_page2.png","Conditional AAL plot, whole catch, NWFSC (plot 2 of 4)",NA,"A@LComp",2025-01-10 11:22:20.369488,"StartTime: Fri Jan 10 11:11:36 2025"
"comp_condAALfit_Andre_plotsflt8mkt0_page3.png","Conditional AAL plot, whole catch, NWFSC (plot 3 of 4)",NA,"A@LComp",2025-01-10 11:22:20.369488,"StartTime: Fri Jan 10 11:11:36 2025"
"comp_condAALfit_Andre_plotsflt8mkt0_page4.png","Conditional AAL plot, whole catch, NWFSC (plot 4 of 4)",NA,"A@LComp",2025-01-10 11:22:20.369488,"StartTime: Fri Jan 10 11:11:36 2025"
"yield1_yield_curve.png","Yield curve",NA,"Yield",2025-01-10 11:22:20.369488,"StartTime: Fri Jan 10 11:11:36 2025"
"yield2_yield_curve_with_refpoints.png","Yield curve with reference points",NA,"Yield",2025-01-10 11:22:20.369488,"StartTime: Fri Jan 10 11:11:36 2025"
"yield3_surplus_production.png","Surplus production vs. total biomass plot. For interpretation, see<br> <blockquote>Walters, Hilborn, and  Christensen, 2008, Surplus production dynamics in declining and recovering fish populations. <i>Can. J. Fish. Aquat. Sci.</i> 65: 2536-2551. <a href='https://doi.org/10.1139/F08-170'>https://doi.org/10.1139/F08-170</a>.</blockquote>",NA,"Yield",2025-01-10 11:22:20.369488,"StartTime: Fri Jan 10 11:11:36 2025"
"yield4_surplus_production.png","Surplus production vs. spawning biomass plot. For interpretation, see<br> <blockquote>Forrest, Kronlund, Cleary, and Grinnell. 2023. An evidence-based approach for selecting a limit reference point for Pacific herring (<i>Clupea pallasii</i>) stocks in British Columbia, Canada. <i>Can. J. Fish. Aquat. Sci.</i> 80: 1071-1083. <a href='https://doi.org/10.1139/cjfas-2022-0168'>https://doi.org/10.1139/cjfas-2022-0168</a>.</blockquote>",NA,"Yield",2025-01-10 11:22:20.369488,"StartTime: Fri Jan 10 11:11:36 2025"
"yield5_YPR_timeseries.png","Time series of yield per recruit (kg)",NA,"Yield",2025-01-10 11:22:20.369488,"StartTime: Fri Jan 10 11:11:36 2025"
"data_plot.png","Data presence by year for each fleet and data type.",NA,"Data",2025-01-10 11:22:20.369488,"StartTime: Fri Jan 10 11:11:36 2025"
"data_plot2.png","Data presence by year for each fleet, where circle area is <br>  relative within a data type. Circles are proportional to <br>  total catch for catches; to precision for indices, discards, and <br>  mean body weight observations; and to total sample size for <br> compositions and mean weight- or length-at-age observations. <br> Observations excluded from the likelihood have <br> equal size for all years. <br> Note that since the circles are are scaled relative <br>  to maximum within each type, the scaling within separate plots <br>  should not be compared.",NA,"Data",2025-01-10 11:22:20.369488,"StartTime: Fri Jan 10 11:11:36 2025"
"parameter_distributions_page1.png","Parameter distribution plots (plot 1 of 10). <br>Deviation parameters are not included. <br>Plotting range is equal to input limits on parameters. Use fitrange = TRUE to scale the range to the estimates.",NA,"Pars",2025-01-10 11:22:20.369488,"StartTime: Fri Jan 10 11:11:36 2025"
"parameter_distributions_page2.png","Parameter distribution plots (plot 2 of 10).",NA,"Pars",2025-01-10 11:22:20.369488,"StartTime: Fri Jan 10 11:11:36 2025"
"parameter_distributions_page3.png","Parameter distribution plots (plot 3 of 10).",NA,"Pars",2025-01-10 11:22:20.369488,"StartTime: Fri Jan 10 11:11:36 2025"
"parameter_distributions_page4.png","Parameter distribution plots (plot 4 of 10).",NA,"Pars",2025-01-10 11:22:20.369488,"StartTime: Fri Jan 10 11:11:36 2025"
"parameter_distributions_page5.png","Parameter distribution plots (plot 5 of 10).",NA,"Pars",2025-01-10 11:22:20.369488,"StartTime: Fri Jan 10 11:11:36 2025"
"parameter_distributions_page6.png","Parameter distribution plots (plot 6 of 10).",NA,"Pars",2025-01-10 11:22:20.369488,"StartTime: Fri Jan 10 11:11:36 2025"
"parameter_distributions_page7.png","Parameter distribution plots (plot 7 of 10).",NA,"Pars",2025-01-10 11:22:20.369488,"StartTime: Fri Jan 10 11:11:36 2025"
"parameter_distributions_page9.png","Parameter distribution plots (plot 9 of 10).",NA,"Pars",2025-01-10 11:22:20.369488,"StartTime: Fri Jan 10 11:11:36 2025"
"parameter_distributions_page10.png","Parameter distribution plots (plot 10 of 10).",NA,"Pars",2025-01-10 11:22:20.369488,"StartTime: Fri Jan 10 11:11:36 2025"
"parameter_distributions_page11.png","Parameter distribution plots (plot 11 of 10).",NA,"Pars",2025-01-10 11:22:20.369488,"StartTime: Fri Jan 10 11:11:36 2025"
"parameterchecks.html","<b>Estimated parameters (excluding deviation parameters)</b><br> Any parameter with a gradient value with an absolute value above 0.001 or a parameter on bounds is colored in red.",NA,"DiagnosticTables",2025-01-10 11:22:20.369488,"StartTime: Fri Jan 10 11:11:36 2025"
"correlationcheck.html","<b>Highly correlated parameter pairs</b><br> Pairs of parameters with the  50  highest correlations, sorted by absolute value of the correlation. Correlations above 0.95 (in absolute value) are colored in red. These parameters may be confounded or may cause convergence issues.",NA,"DiagnosticTables",2025-01-10 11:22:20.369488,"StartTime: Fri Jan 10 11:11:36 2025"
"lowcorrelationcheck.html","<b>Parameters with low correlations</b><br> Estimated parameters that are the least correlated with all other parameters. The correlation value represents the maximum correlation between the parameter in question and all other estimated parameters. Uncorrelated parameters may not be playing a significant role in the model. Maximum correlations below 0.01 are colored in red.",NA,"DiagnosticTables",2025-01-10 11:22:20.369488,"StartTime: Fri Jan 10 11:11:36 2025"
